period,ISO,COUNTRY,export_value
2012,AFG,Afghanistan,56217813
2012,ALB,Albania,7797408
2012,DZA,Algeria,211038287
2012,ASM,American Samoa,3922056
2012,AND,Andorra,298363
2012,AGO,Angola,141815664
2012,ATG,Antigua and Barbuda,283500
2012,AZE,Azerbaijan,4596394
2012,ARG,Argentina,312538817
2012,AUS,Australia,4905413057
2012,AUT,Austria,42999748
2012,BHS,Bahamas,1234312
2012,BHR,Bahrain,31689893
2012,BGD,Bangladesh,1120349341
2012,ARM,Armenia,3453744
2012,BRB,Barbados,2332861
2012,BEL,Belgium,1297678351
2012,BMU,Bermuda,1184239
2012,BTN,Bhutan,2608422
2012,BOL,Bolivia (Plurinational State of),7338568
2012,BIH,Bosnia Herzegovina,1536121
2012,BWA,Botswana,194009
2012,BRA,Brazil,1486190667
2012,BLZ,Belize,356764
2012,IOT,Br. Indian Ocean Terr.,190332
2012,SLB,Solomon Isds,12501283
2012,VGB,Br. Virgin Isds,447838
2012,BRN,Brunei Darussalam,81755280
2012,BGR,Bulgaria,47976893
2012,MMR,Myanmar,401589521
2012,BDI,Burundi,1409498
2012,BLR,Belarus,3809195
2012,KHM,Cambodia,292191266
2012,CMR,Cameroon,42557918
2012,CAN,Canada,792445948
2012,CPV,Cabo Verde,871400
2012,CYM,Cayman Isds,39361
2012,CAF,Central African Rep.,481998
2012,LKA,Sri Lanka,341564132
2012,TCD,Chad,1239407
2012,CHL,Chile,175346547
2012,CHN,China,21659502652
2012,CXR,Christmas Isds,19629
2012,COL,Colombia,170656898
2012,COM,Comoros,2566999
2012,MYT,Mayotte (Overseas France),620731
2012,COG,Congo,34432337
2012,COD,Dem. Rep. of the Congo,29998779
2012,COK,Cook Isds,819683
2012,CRI,Costa Rica,16060891
2012,HRV,Croatia,19334718
2012,CUB,Cuba,12647706
2012,CYP,Cyprus,12557218
2012,CZE,Czechia,63790007
2012,BEN,Benin,63464634
2012,DNK,Denmark,229370045
2012,DMA,Dominica,457358
2012,DOM,Dominican Rep.,23145617
2012,ECU,Ecuador,80895859
2012,SLV,El Salvador,12851299
2012,GNQ,Equatorial Guinea,4824517
2012,ETH,Ethiopia,30204691
2012,ERI,Eritrea,4317700
2012,EST,Estonia,41578660
2012,FLK,Falkland Isds (Malvinas),6682
2012,FJI,Fiji,25379024
2012,FIN,Finland,197760189
2012,FRA,France,1154891088
2012,PYF,French Polynesia,8580697
2012,DJI,Djibouti,270333383
2012,GAB,Gabon,17916529
2012,GEO,Georgia,51898758
2012,GMB,Gambia,38554052
2012,DEU,Germany,3074970612
2012,GHA,Ghana,159339750
2012,GIB,Gibraltar,372437
2012,KIR,Kiribati,1571279
2012,GRC,Greece,139884878
2012,GRD,Grenada,410556
2012,GUM,Guam,1862265
2012,GTM,Guatemala,28110454
2012,GIN,Guinea,47503161
2012,GUY,Guyana,2923088
2012,HTI,Haiti,47613632
2012,HND,Honduras,15561257
2012,HKG,China Hong Kong SAR,2633860902
2012,HUN,Hungary,60795561
2012,ISL,Iceland,441712
2012,IRN,Iran,482663169
2012,IRQ,Iraq,44887393
2012,IRL,Ireland,64968724
2012,ISR,Israel,183956461
2012,ITA,Italy,2277010430
2012,CIV,Côte d'Ivoire,86866437
2012,JAM,Jamaica,11026710
2012,JPN,Japan,30135106982
2012,KAZ,Kazakhstan,8437852
2012,JOR,Jordan,158224349
2012,KEN,Kenya,266943669
2012,PRK,Dem. People's Rep. of Korea,1020852
2012,KOR,Rep. of Korea,15049860022
2012,KWT,Kuwait,129830063
2012,KGZ,Kyrgyzstan,2777544
2012,LAO,Lao People's Dem. Rep.,23782973
2012,LBN,Lebanon,75744176
2012,LSO,Lesotho,520343
2012,LVA,Latvia,44449368
2012,LBR,Liberia,32899430
2012,LBY,Libya,65239834
2012,LTU,Lithuania,37562988
2012,LUX,Luxembourg,23691674
2012,MAC,China Macao SAR,5769004
2012,MDG,Madagascar,61517220
2012,MWI,Malawi,16037733
2012,MYS,Malaysia,11280284955
2012,MDV,Maldives,25285928
2012,MLI,Mali,4456970
2012,MLT,Malta,3184825
2012,MRT,Mauritania,69675627
2012,MUS,Mauritius,79736388
2012,MEX,Mexico,649881389
2012,S19,Other Asia nes,6242527731
2012,MNG,Mongolia,5997140
2012,MDA,Rep. of Moldova,551187
2012,MSR,Montserrat,15041
2012,MAR,Morocco,89828594
2012,MOZ,Mozambique,99882344
2012,OMN,Oman,237841986
2012,NAM,Namibia,4277227
2012,NRU,Nauru,288293
2012,NPL,Nepal,9389970
2012,NLD,Netherlands,4664300841
2012,CUW,Curaçao,7529811
2012,ABW,Aruba,758001
2012,NCL,New Caledonia,15577379
2012,VUT,Vanuatu,4153220
2012,NZL,New Zealand,441009779
2012,NIC,Nicaragua,20336984
2012,NER,Niger,2662424
2012,NGA,Nigeria,413080439
2012,NFK,Norfolk Isds,23214
2012,NOR,Norway,87050174
2012,MNP,N. Mariana Isds,328093
2012,UMI,United States Minor Outlying Islands,69513
2012,FSM,FS Micronesia,823552
2012,MHL,Marshall Isds,284036
2012,PLW,Palau,174223
2012,PAK,Pakistan,1381754474
2012,PAN,Panama,154076399
2012,PNG,Papua New Guinea,199673201
2012,PRY,Paraguay,18152281
2012,PER,Peru,159888339
2012,PHL,Philippines,3707633360
2012,POL,Poland,340025378
2012,PRT,Portugal,81046239
2012,GNB,Guinea-Bissau,1744544
2012,TLS,Timor-Leste,258168941
2012,QAT,Qatar,92775014
2012,ROU,Romania,106415842
2012,RUS,Russian Federation,867326089
2012,RWA,Rwanda,984957
2012,SHN,Saint Helena,14982
2012,KNA,Saint Kitts and Nevis,354833
2012,AIA,Anguilla,684021
2012,LCA,Saint Lucia,415902
2012,VCT,Saint Vincent and the Grenadines,318111
2012,STP,Sao Tome and Principe,1409188
2012,SAU,Saudi Arabia,1776506999
2012,SEN,Senegal,43051844
2012,SRB,Serbia,1176913
2012,SYC,Seychelles,5247774
2012,SLE,Sierra Leone,22399437
2012,IND,India,12496314269
2012,SGP,Singapore,17135025448
2012,SVK,Slovakia,45443342
2012,VNM,Viet Nam,2273693205
2012,SVN,Slovenia,69431756
2012,SOM,Somalia,10854255
2012,ZAF,South Africa,1691502779
2012,ZWE,Zimbabwe,8506019
2012,ESP,Spain,2069250741
2012,SDN,Sudan,82521490
2012,SUR,Suriname,7097511
2012,SWZ,Eswatini,949240
2012,SWE,Sweden,166284825
2012,CHE,Switzerland,58503117
2012,SYR,Syria,58596742
2012,TJK,Tajikistan,1225818
2012,THA,Thailand,6635141100
2012,TGO,Togo,68312255
2012,TON,Tonga,2479230
2012,TTO,Trinidad and Tobago,9698191
2012,ARE,United Arab Emirates,1619000949
2012,TUN,Tunisia,95575744
2012,TUR,Türkiye,1369691279
2012,TKM,Turkmenistan,4281820
2012,TUV,Tuvalu,146753
2012,UGA,Uganda,10737157
2012,UKR,Ukraine,548879010
2012,MKD,North Macedonia,13388337
2012,EGY,Egypt,1013770090
2012,GBR,United Kingdom,1696755218
2012,TZA,United Rep. of Tanzania,236655017
2012,USA,USA,14910181324
2012,BFA,Burkina Faso,4998954
2012,URY,Uruguay,38157205
2012,UZB,Uzbekistan,8869306
2012,VEN,Venezuela,96001071
2012,WLF,Wallis and Futuna Isds,246144
2012,WSM,Samoa,7071465
2012,YEM,Yemen,157191495
2012,ZMB,Zambia,1931384
2012,_X ,Areas nes,23649
2012,PSE,State of Palestine,0
2012,VAT,Holy See (Vatican City State),0
2012,MNE,Montenegro,0
2012,TKL,Tokelau,0
2012,TCA,Turks and Caicos Isds,0
2012,SGS,South Georgia and the South Sandwich Islands,0
2012,FRO,Faeroe Isds,0
2012,GRL,Greenland,0
2012,NIU,Niue,0
2012,SMR,San Marino,0
2012,ATA,Antarctica,0
2012,PCN,Pitcairn,0
2012,SPM,Saint Pierre and Miquelon,0
2012,SXM,Sint Maarten,0
2012,BLM,Saint Barthélemy,0
2013,AFG,Afghanistan,50886110
2013,ALB,Albania,12679699
2013,DZA,Algeria,240531700
2013,ASM,American Samoa,39979036
2013,AND,Andorra,468706
2013,AGO,Angola,164237749
2013,ATG,Antigua and Barbuda,337324
2013,AZE,Azerbaijan,5009868
2013,ARG,Argentina,335214473
2013,AUS,Australia,4370481872
2013,AUT,Austria,50026436
2013,BHS,Bahamas,957766
2013,BHR,Bahrain,37956929
2013,BGD,Bangladesh,1068459517
2013,ARM,Armenia,3668286
2013,BRB,Barbados,2511457
2013,BEL,Belgium,1259268959
2013,BMU,Bermuda,1625529
2013,BTN,Bhutan,91303
2013,BOL,Bolivia (Plurinational State of),4555795
2013,BIH,Bosnia Herzegovina,2193900
2013,BWA,Botswana,1648770
2013,BRA,Brazil,1514413165
2013,BLZ,Belize,1016281
2013,IOT,Br. Indian Ocean Terr.,796
2013,SLB,Solomon Isds,13269029
2013,VGB,Br. Virgin Isds,1371833
2013,BRN,Brunei Darussalam,122695879
2013,BGR,Bulgaria,44385340
2013,MMR,Myanmar,556374775
2013,BDI,Burundi,374481
2013,BLR,Belarus,4010329
2013,KHM,Cambodia,312461056
2013,CMR,Cameroon,35914709
2013,CAN,Canada,782347313
2013,CPV,Cabo Verde,1181034
2013,CYM,Cayman Isds,54251
2013,CAF,Central African Rep.,8475792
2013,LKA,Sri Lanka,390925910
2013,TCD,Chad,364004
2013,CHL,Chile,170766832
2013,CHN,China,22601487232
2013,CXR,Christmas Isds,304323
2013,COL,Colombia,132042873
2013,COM,Comoros,2807867
2013,MYT,Mayotte (Overseas France),1386252
2013,COG,Congo,32676318
2013,COD,Dem. Rep. of the Congo,28456518
2013,COK,Cook Isds,969000
2013,CRI,Costa Rica,22838739
2013,HRV,Croatia,21381175
2013,CUB,Cuba,13518564
2013,CYP,Cyprus,9813352
2013,CZE,Czechia,61991655
2013,BEN,Benin,71042699
2013,DNK,Denmark,224503595
2013,DMA,Dominica,2147097
2013,DOM,Dominican Rep.,31521211
2013,ECU,Ecuador,81427338
2013,SLV,El Salvador,9609481
2013,GNQ,Equatorial Guinea,4605960
2013,ETH,Ethiopia,42385432
2013,ERI,Eritrea,6152724
2013,EST,Estonia,46303855
2013,FLK,Falkland Isds (Malvinas),0
2013,FJI,Fiji,23558065
2013,FIN,Finland,149112290
2013,FRA,France,1082861500
2013,PYF,French Polynesia,7718166
2013,DJI,Djibouti,286405810
2013,GAB,Gabon,16255909
2013,GEO,Georgia,58654275
2013,GMB,Gambia,38493733
2013,DEU,Germany,2883422566
2013,GHA,Ghana,246517204
2013,GIB,Gibraltar,469875
2013,KIR,Kiribati,1956629
2013,GRC,Greece,149215465
2013,GRD,Grenada,1281413
2013,GUM,Guam,1957125
2013,GTM,Guatemala,35865159
2013,GIN,Guinea,49400498
2013,GUY,Guyana,2285286
2013,HTI,Haiti,72359814
2013,HND,Honduras,7521948
2013,HKG,China Hong Kong SAR,2693254437
2013,HUN,Hungary,91235093
2013,ISL,Iceland,223675
2013,IRN,Iran,469356439
2013,IRQ,Iraq,45404905
2013,IRL,Ireland,56038080
2013,ISR,Israel,145956999
2013,ITA,Italy,2128608268
2013,CIV,Côte d'Ivoire,58367613
2013,JAM,Jamaica,16879813
2013,JPN,Japan,27086258710
2013,KAZ,Kazakhstan,6656849
2013,JOR,Jordan,159349418
2013,KEN,Kenya,233201392
2013,PRK,Dem. People's Rep. of Korea,2870045
2013,KOR,Rep. of Korea,11422476224
2013,KWT,Kuwait,143460181
2013,KGZ,Kyrgyzstan,858463
2013,LAO,Lao People's Dem. Rep.,5846339
2013,LBN,Lebanon,75861788
2013,LSO,Lesotho,324756
2013,LVA,Latvia,47793066
2013,LBR,Liberia,21081370
2013,LBY,Libya,62236278
2013,LTU,Lithuania,29012564
2013,LUX,Luxembourg,16317806
2013,MAC,China Macao SAR,6061422
2013,MDG,Madagascar,68087395
2013,MWI,Malawi,15831613
2013,MYS,Malaysia,10666609471
2013,MDV,Maldives,24528737
2013,MLI,Mali,7046454
2013,MLT,Malta,5344131
2013,MRT,Mauritania,96110668
2013,MUS,Mauritius,69630706
2013,MEX,Mexico,687275499
2013,S19,Other Asia nes,5862445946
2013,MNG,Mongolia,17814578
2013,MDA,Rep. of Moldova,440963
2013,MSR,Montserrat,0
2013,MAR,Morocco,68488323
2013,MOZ,Mozambique,120764794
2013,OMN,Oman,209388255
2013,NAM,Namibia,2706566
2013,NRU,Nauru,383453
2013,NPL,Nepal,15669970
2013,NLD,Netherlands,4105967064
2013,CUW,Curaçao,5459739
2013,ABW,Aruba,1020535
2013,NCL,New Caledonia,23469451
2013,VUT,Vanuatu,4267152
2013,NZL,New Zealand,469513125
2013,NIC,Nicaragua,22951337
2013,NER,Niger,4077387
2013,NGA,Nigeria,558177605
2013,NFK,Norfolk Isds,555085
2013,NOR,Norway,72704664
2013,MNP,N. Mariana Isds,335838
2013,UMI,United States Minor Outlying Islands,866
2013,FSM,FS Micronesia,922033
2013,MHL,Marshall Isds,175136
2013,PLW,Palau,184639
2013,PAK,Pakistan,1415437768
2013,PAN,Panama,151668096
2013,PNG,Papua New Guinea,175491570
2013,PRY,Paraguay,17564701
2013,PER,Peru,178450734
2013,PHL,Philippines,3816962607
2013,POL,Poland,365412690
2013,PRT,Portugal,157616284
2013,GNB,Guinea-Bissau,4906154
2013,TLS,Timor-Leste,246291229
2013,QAT,Qatar,95370597
2013,ROU,Romania,97112889
2013,RUS,Russian Federation,930251554
2013,RWA,Rwanda,1125052
2013,SHN,Saint Helena,7923
2013,KNA,Saint Kitts and Nevis,638449
2013,AIA,Anguilla,620237
2013,LCA,Saint Lucia,501841
2013,VCT,Saint Vincent and the Grenadines,367461
2013,STP,Sao Tome and Principe,708201
2013,SAU,Saudi Arabia,1734016654
2013,SEN,Senegal,54722788
2013,SRB,Serbia,1778388
2013,SYC,Seychelles,6145291
2013,SLE,Sierra Leone,21184805
2013,IND,India,13031302738
2013,SGP,Singapore,16686238643
2013,SVK,Slovakia,40380587
2013,VNM,Viet Nam,2400879753
2013,SVN,Slovenia,74471722
2013,SOM,Somalia,22081024
2013,ZAF,South Africa,1270335025
2013,ZWE,Zimbabwe,4288921
2013,ESP,Spain,1810444480
2013,SDN,Sudan,83342553
2013,SUR,Suriname,5772769
2013,SWZ,Eswatini,5064034
2013,SWE,Sweden,162411393
2013,CHE,Switzerland,81945658
2013,SYR,Syria,33029559
2013,TJK,Tajikistan,1407192
2013,THA,Thailand,6061869962
2013,TGO,Togo,72946470
2013,TON,Tonga,2359792
2013,TTO,Trinidad and Tobago,14918660
2013,ARE,United Arab Emirates,1589066711
2013,TUN,Tunisia,75893686
2013,TUR,Türkiye,1536240810
2013,TKM,Turkmenistan,2187695
2013,TUV,Tuvalu,104573
2013,UGA,Uganda,10105488
2013,UKR,Ukraine,639217162
2013,MKD,North Macedonia,496993
2013,EGY,Egypt,1101772833
2013,GBR,United Kingdom,1634804625
2013,TZA,United Rep. of Tanzania,192714490
2013,USA,USA,15741131921
2013,BFA,Burkina Faso,9554655
2013,URY,Uruguay,29495074
2013,UZB,Uzbekistan,9557972
2013,VEN,Venezuela,61914215
2013,WLF,Wallis and Futuna Isds,145065
2013,WSM,Samoa,6482086
2013,YEM,Yemen,156311858
2013,ZMB,Zambia,935127
2013,_X ,Areas nes,0
2013,PSE,State of Palestine,367722
2013,VAT,Holy See (Vatican City State),27056
2013,MNE,Montenegro,2063516
2013,TKL,Tokelau,6124
2013,TCA,Turks and Caicos Isds,90874
2013,SGS,South Georgia and the South Sandwich Islands,0
2013,FRO,Faeroe Isds,0
2013,GRL,Greenland,0
2013,NIU,Niue,0
2013,SMR,San Marino,0
2013,ATA,Antarctica,0
2013,PCN,Pitcairn,0
2013,SPM,Saint Pierre and Miquelon,0
2013,SXM,Sint Maarten,0
2013,BLM,Saint Barthélemy,0
2014,AFG,Afghanistan,77411208
2014,ALB,Albania,6672387
2014,DZA,Algeria,178644232
2014,ASM,American Samoa,3499089
2014,AND,Andorra,10140
2014,AGO,Angola,189663988
2014,ATG,Antigua and Barbuda,1753515
2014,AZE,Azerbaijan,5567320
2014,ARG,Argentina,236923352
2014,AUS,Australia,4962452276
2014,AUT,Austria,40286641
2014,BHS,Bahamas,911043
2014,BHR,Bahrain,57883881
2014,BGD,Bangladesh,1377618985
2014,ARM,Armenia,3846783
2014,BRB,Barbados,3674330
2014,BEL,Belgium,1217320724
2014,BMU,Bermuda,1174309
2014,BTN,Bhutan,330263
2014,BOL,Bolivia (Plurinational State of),8572019
2014,BIH,Bosnia Herzegovina,2990480
2014,BWA,Botswana,282430
2014,BRA,Brazil,1498199370
2014,BLZ,Belize,861906
2014,IOT,Br. Indian Ocean Terr.,729
2014,SLB,Solomon Isds,20337292
2014,VGB,Br. Virgin Isds,607311
2014,BRN,Brunei Darussalam,100296035
2014,BGR,Bulgaria,77454017
2014,MMR,Myanmar,566906935
2014,BDI,Burundi,319643
2014,BLR,Belarus,3875129
2014,KHM,Cambodia,415816818
2014,CMR,Cameroon,36516333
2014,CAN,Canada,755021284
2014,CPV,Cabo Verde,935064
2014,CYM,Cayman Isds,446956
2014,CAF,Central African Rep.,536983
2014,LKA,Sri Lanka,386328090
2014,TCD,Chad,1498621
2014,CHL,Chile,177899071
2014,CHN,China,17605944452
2014,CXR,Christmas Isds,44108
2014,COL,Colombia,147221867
2014,COM,Comoros,3039460
2014,MYT,Mayotte (Overseas France),0
2014,COG,Congo,44096402
2014,COD,Dem. Rep. of the Congo,26915503
2014,COK,Cook Isds,1018110
2014,CRI,Costa Rica,24363621
2014,HRV,Croatia,25410548
2014,CUB,Cuba,2747960
2014,CYP,Cyprus,10313223
2014,CZE,Czechia,84937256
2014,BEN,Benin,213117716
2014,DNK,Denmark,226612899
2014,DMA,Dominica,2236134
2014,DOM,Dominican Rep.,31721973
2014,ECU,Ecuador,90467476
2014,SLV,El Salvador,11966069
2014,GNQ,Equatorial Guinea,4215930
2014,ETH,Ethiopia,48676491
2014,ERI,Eritrea,9733015
2014,EST,Estonia,61014189
2014,FLK,Falkland Isds (Malvinas),0
2014,FJI,Fiji,22260362
2014,FIN,Finland,111443180
2014,FRA,France,1047474355
2014,PYF,French Polynesia,8550992
2014,DJI,Djibouti,306827800
2014,GAB,Gabon,20391595
2014,GEO,Georgia,72750009
2014,GMB,Gambia,42919883
2014,DEU,Germany,2821568436
2014,GHA,Ghana,212273245
2014,GIB,Gibraltar,12310100
2014,KIR,Kiribati,1781925
2014,GRC,Greece,157344487
2014,GRD,Grenada,429153
2014,GUM,Guam,2365042
2014,GTM,Guatemala,34715022
2014,GIN,Guinea,46551158
2014,GUY,Guyana,2333143
2014,HTI,Haiti,85330182
2014,HND,Honduras,7352784
2014,HKG,China Hong Kong SAR,2777563658
2014,HUN,Hungary,86871305
2014,ISL,Iceland,80614
2014,IRN,Iran,406112157
2014,IRQ,Iraq,72289468
2014,IRL,Ireland,70852789
2014,ISR,Israel,138876657
2014,ITA,Italy,2286858978
2014,CIV,Côte d'Ivoire,103928087
2014,JAM,Jamaica,15434545
2014,JPN,Japan,23127088759
2014,KAZ,Kazakhstan,8275861
2014,JOR,Jordan,152641858
2014,KEN,Kenya,196193615
2014,PRK,Dem. People's Rep. of Korea,1413985
2014,KOR,Rep. of Korea,10606478322
2014,KWT,Kuwait,171059584
2014,KGZ,Kyrgyzstan,891830
2014,LAO,Lao People's Dem. Rep.,4545247
2014,LBN,Lebanon,74166062
2014,LSO,Lesotho,1836
2014,LVA,Latvia,48489111
2014,LBR,Liberia,23216187
2014,LBY,Libya,36147654
2014,LTU,Lithuania,24648876
2014,LUX,Luxembourg,11807461
2014,MAC,China Macao SAR,6395281
2014,MDG,Madagascar,57446933
2014,MWI,Malawi,15385936
2014,MYS,Malaysia,9731540673
2014,MDV,Maldives,30952494
2014,MLI,Mali,6567252
2014,MLT,Malta,4948111
2014,MRT,Mauritania,106810812
2014,MUS,Mauritius,61696506
2014,MEX,Mexico,850874379
2014,S19,Other Asia nes,6425103349
2014,MNG,Mongolia,6787787
2014,MDA,Rep. of Moldova,590145
2014,MSR,Montserrat,0
2014,MAR,Morocco,82192649
2014,MOZ,Mozambique,114962889
2014,OMN,Oman,244652064
2014,NAM,Namibia,3544208
2014,NRU,Nauru,364429
2014,NPL,Nepal,17488683
2014,NLD,Netherlands,3984581541
2014,CUW,Curaçao,4050565
2014,ABW,Aruba,715384
2014,NCL,New Caledonia,12868115
2014,VUT,Vanuatu,3984184
2014,NZL,New Zealand,481417509
2014,NIC,Nicaragua,13693414
2014,NER,Niger,15171398
2014,NGA,Nigeria,648616669
2014,NFK,Norfolk Isds,779141
2014,NOR,Norway,65285870
2014,MNP,N. Mariana Isds,564849
2014,UMI,United States Minor Outlying Islands,75736
2014,FSM,FS Micronesia,523187
2014,MHL,Marshall Isds,1384416
2014,PLW,Palau,379979
2014,PAK,Pakistan,2045294361
2014,PAN,Panama,109118244
2014,PNG,Papua New Guinea,159119479
2014,PRY,Paraguay,19616675
2014,PER,Peru,210441053
2014,PHL,Philippines,3887831709
2014,POL,Poland,395947277
2014,PRT,Portugal,161315147
2014,GNB,Guinea-Bissau,4991038
2014,TLS,Timor-Leste,226334465
2014,QAT,Qatar,92449676
2014,ROU,Romania,116145783
2014,RUS,Russian Federation,1052861250
2014,RWA,Rwanda,1623709
2014,SHN,Saint Helena,0
2014,KNA,Saint Kitts and Nevis,584317
2014,AIA,Anguilla,564945
2014,LCA,Saint Lucia,720401
2014,VCT,Saint Vincent and the Grenadines,161026
2014,STP,Sao Tome and Principe,1167151
2014,SAU,Saudi Arabia,2156325133
2014,SEN,Senegal,74073357
2014,SRB,Serbia,5121004
2014,SYC,Seychelles,4413170
2014,SLE,Sierra Leone,24989983
2014,IND,India,12248959579
2014,SGP,Singapore,16752339986
2014,SVK,Slovakia,17430301
2014,VNM,Viet Nam,2451196725
2014,SVN,Slovenia,82611129
2014,SOM,Somalia,36639523
2014,ZAF,South Africa,1379503028
2014,ZWE,Zimbabwe,2803249
2014,ESP,Spain,1937638786
2014,SDN,Sudan,74384463
2014,SUR,Suriname,8238002
2014,SWZ,Eswatini,906558
2014,SWE,Sweden,177109726
2014,CHE,Switzerland,133900553
2014,SYR,Syria,46303829
2014,TJK,Tajikistan,523565
2014,THA,Thailand,5784719711
2014,TGO,Togo,132995011
2014,TON,Tonga,3303546
2014,TTO,Trinidad and Tobago,14545940
2014,ARE,United Arab Emirates,2503133955
2014,TUN,Tunisia,82513953
2014,TUR,Türkiye,1446131253
2014,TKM,Turkmenistan,3412882
2014,TUV,Tuvalu,707340
2014,UGA,Uganda,9618274
2014,UKR,Ukraine,360142536
2014,MKD,North Macedonia,2355818
2014,EGY,Egypt,1341002205
2014,GBR,United Kingdom,1658606643
2014,TZA,United Rep. of Tanzania,202490396
2014,USA,USA,16560075701
2014,BFA,Burkina Faso,9006984
2014,URY,Uruguay,41897643
2014,UZB,Uzbekistan,8778039
2014,VEN,Venezuela,39054922
2014,WLF,Wallis and Futuna Isds,241639
2014,WSM,Samoa,6457395
2014,YEM,Yemen,155785678
2014,ZMB,Zambia,1347593
2014,_X ,Areas nes,0
2014,PSE,State of Palestine,918362
2014,VAT,Holy See (Vatican City State),54079
2014,MNE,Montenegro,2145280
2014,TKL,Tokelau,0
2014,TCA,Turks and Caicos Isds,586679
2014,SGS,South Georgia and the South Sandwich Islands,240
2014,FRO,Faeroe Isds,0
2014,GRL,Greenland,0
2014,NIU,Niue,0
2014,SMR,San Marino,0
2014,ATA,Antarctica,0
2014,PCN,Pitcairn,0
2014,SPM,Saint Pierre and Miquelon,0
2014,SXM,Sint Maarten,0
2014,BLM,Saint Barthélemy,0
2015,AFG,Afghanistan,36317090
2015,ALB,Albania,5484149
2015,DZA,Algeria,173838078
2015,ASM,American Samoa,2122762
2015,AND,Andorra,57867
2015,AGO,Angola,136969962
2015,ATG,Antigua and Barbuda,543323
2015,AZE,Azerbaijan,3252282
2015,ARG,Argentina,237063822
2015,AUS,Australia,3702296010
2015,AUT,Austria,29292376
2015,BHS,Bahamas,1013745
2015,BHR,Bahrain,52713670
2015,BGD,Bangladesh,1340794185
2015,ARM,Armenia,2651385
2015,BRB,Barbados,2566020
2015,BEL,Belgium,1113313180
2015,BMU,Bermuda,1224520
2015,BTN,Bhutan,552412
2015,BOL,Bolivia (Plurinational State of),16020772
2015,BIH,Bosnia Herzegovina,2495522
2015,BWA,Botswana,245375
2015,BRA,Brazil,1166012281
2015,BLZ,Belize,981825
2015,IOT,Br. Indian Ocean Terr.,47971
2015,SLB,Solomon Isds,16128329
2015,VGB,Br. Virgin Isds,1968523
2015,BRN,Brunei Darussalam,91229766
2015,BGR,Bulgaria,42298688
2015,MMR,Myanmar,615670386
2015,BDI,Burundi,211755
2015,BLR,Belarus,522616
2015,KHM,Cambodia,429715881
2015,CMR,Cameroon,29590134
2015,CAN,Canada,722344686
2015,CPV,Cabo Verde,903304
2015,CYM,Cayman Isds,375827
2015,CAF,Central African Rep.,326679
2015,LKA,Sri Lanka,341490408
2015,TCD,Chad,608400
2015,CHL,Chile,147349521
2015,CHN,China,15046433812
2015,CXR,Christmas Isds,133121
2015,COL,Colombia,130656760
2015,COM,Comoros,3058718
2015,MYT,Mayotte (Overseas France),0
2015,COG,Congo,35876943
2015,COD,Dem. Rep. of the Congo,23588222
2015,COK,Cook Isds,1187261
2015,CRI,Costa Rica,27353394
2015,HRV,Croatia,28231705
2015,CUB,Cuba,6048139
2015,CYP,Cyprus,10111968
2015,CZE,Czechia,72232559
2015,BEN,Benin,153441814
2015,DNK,Denmark,206994129
2015,DMA,Dominica,925385
2015,DOM,Dominican Rep.,36215234
2015,ECU,Ecuador,47500804
2015,SLV,El Salvador,14075268
2015,GNQ,Equatorial Guinea,4409831
2015,ETH,Ethiopia,45473920
2015,ERI,Eritrea,1984459
2015,EST,Estonia,52463863
2015,FLK,Falkland Isds (Malvinas),0
2015,FJI,Fiji,20529081
2015,FIN,Finland,84891280
2015,FRA,France,1003241434
2015,PYF,French Polynesia,10082876
2015,DJI,Djibouti,278268407
2015,GAB,Gabon,16686124
2015,GEO,Georgia,45784780
2015,GMB,Gambia,25289741
2015,DEU,Germany,2664156585
2015,GHA,Ghana,158382913
2015,GIB,Gibraltar,16147
2015,KIR,Kiribati,1759887
2015,GRC,Greece,143890585
2015,GRD,Grenada,545309
2015,GUM,Guam,2091428
2015,GTM,Guatemala,37135598
2015,GIN,Guinea,43766933
2015,GUY,Guyana,1721619
2015,HTI,Haiti,94895310
2015,HND,Honduras,10195017
2015,HKG,China Hong Kong SAR,2067293111
2015,HUN,Hungary,58324405
2015,ISL,Iceland,248230
2015,IRN,Iran,216505260
2015,IRQ,Iraq,95100059
2015,IRL,Ireland,60154911
2015,ISR,Israel,117848508
2015,ITA,Italy,1872932508
2015,CIV,Côte d'Ivoire,53525842
2015,JAM,Jamaica,17178026
2015,JPN,Japan,18020877343
2015,KAZ,Kazakhstan,3202478
2015,JOR,Jordan,95239087
2015,KEN,Kenya,187653262
2015,PRK,Dem. People's Rep. of Korea,1039775
2015,KOR,Rep. of Korea,7664446245
2015,KWT,Kuwait,173875033
2015,KGZ,Kyrgyzstan,1049888
2015,LAO,Lao People's Dem. Rep.,7745233
2015,LBN,Lebanon,83573482
2015,LSO,Lesotho,31044
2015,LVA,Latvia,48534024
2015,LBR,Liberia,23260346
2015,LBY,Libya,28004983
2015,LTU,Lithuania,36041625
2015,LUX,Luxembourg,12418416
2015,MAC,China Macao SAR,9581755
2015,MDG,Madagascar,44684081
2015,MWI,Malawi,12748921
2015,MYS,Malaysia,7630889322
2015,MDV,Maldives,32204655
2015,MLI,Mali,4372044
2015,MLT,Malta,5027258
2015,MRT,Mauritania,59449287
2015,MUS,Mauritius,55328188
2015,MEX,Mexico,824002232
2015,S19,Other Asia nes,5043821948
2015,MNG,Mongolia,5096008
2015,MDA,Rep. of Moldova,353220
2015,MSR,Montserrat,0
2015,MAR,Morocco,87394731
2015,MOZ,Mozambique,103005187
2015,OMN,Oman,211746346
2015,NAM,Namibia,1728301
2015,NRU,Nauru,465367
2015,NPL,Nepal,25745811
2015,NLD,Netherlands,3442165722
2015,CUW,Curaçao,3497860
2015,ABW,Aruba,696756
2015,NCL,New Caledonia,12749997
2015,VUT,Vanuatu,3408588
2015,NZL,New Zealand,436253630
2015,NIC,Nicaragua,10293649
2015,NER,Niger,7285803
2015,NGA,Nigeria,445738349
2015,NFK,Norfolk Isds,181715
2015,NOR,Norway,65652579
2015,MNP,N. Mariana Isds,470632
2015,UMI,United States Minor Outlying Islands,0
2015,FSM,FS Micronesia,785289
2015,MHL,Marshall Isds,5195111
2015,PLW,Palau,467758
2015,PAK,Pakistan,1989563438
2015,PAN,Panama,117236818
2015,PNG,Papua New Guinea,204279826
2015,PRY,Paraguay,22286228
2015,PER,Peru,176533938
2015,PHL,Philippines,3921676834
2015,POL,Poland,358889901
2015,PRT,Portugal,143212170
2015,GNB,Guinea-Bissau,4001155
2015,TLS,Timor-Leste,216482360
2015,QAT,Qatar,96529295
2015,ROU,Romania,92575595
2015,RUS,Russian Federation,993743528
2015,RWA,Rwanda,421000
2015,SHN,Saint Helena,152028
2015,KNA,Saint Kitts and Nevis,1695226
2015,AIA,Anguilla,214831
2015,LCA,Saint Lucia,667059
2015,VCT,Saint Vincent and the Grenadines,255647
2015,STP,Sao Tome and Principe,942256
2015,SAU,Saudi Arabia,2060685084
2015,SEN,Senegal,87647074
2015,SRB,Serbia,6204115
2015,SYC,Seychelles,3880244
2015,SLE,Sierra Leone,24257644
2015,IND,India,11731001096
2015,SGP,Singapore,12632634348
2015,SVK,Slovakia,42916517
2015,VNM,Viet Nam,2740178896
2015,SVN,Slovenia,93251818
2015,SOM,Somalia,30904298
2015,ZAF,South Africa,666126684
2015,ZWE,Zimbabwe,2667657
2015,ESP,Spain,1481288142
2015,SDN,Sudan,77881306
2015,SUR,Suriname,7538116
2015,SWZ,Eswatini,1180398
2015,SWE,Sweden,146845434
2015,CHE,Switzerland,1071671763
2015,SYR,Syria,32184700
2015,TJK,Tajikistan,67437
2015,THA,Thailand,5507253044
2015,TGO,Togo,103726861
2015,TON,Tonga,3705384
2015,TTO,Trinidad and Tobago,15632768
2015,ARE,United Arab Emirates,1926403037
2015,TUN,Tunisia,55932024
2015,TUR,Türkiye,1158832992
2015,TKM,Turkmenistan,5720634
2015,TUV,Tuvalu,60521
2015,UGA,Uganda,5928451
2015,UKR,Ukraine,328467401
2015,MKD,North Macedonia,881332
2015,EGY,Egypt,1197912485
2015,GBR,United Kingdom,1527088076
2015,TZA,United Rep. of Tanzania,213953594
2015,USA,USA,16268488416
2015,BFA,Burkina Faso,10912777
2015,URY,Uruguay,28581089
2015,UZB,Uzbekistan,5622408
2015,VEN,Venezuela,19503855
2015,WLF,Wallis and Futuna Isds,138763
2015,WSM,Samoa,6688415
2015,YEM,Yemen,88729359
2015,ZMB,Zambia,1808322
2015,_X ,Areas nes,0
2015,PSE,State of Palestine,0
2015,VAT,Holy See (Vatican City State),166403
2015,MNE,Montenegro,2555637
2015,TKL,Tokelau,0
2015,TCA,Turks and Caicos Isds,273749
2015,SGS,South Georgia and the South Sandwich Islands,0
2015,FRO,Faeroe Isds,72
2015,GRL,Greenland,207
2015,NIU,Niue,1714
2015,SMR,San Marino,14537
2015,ATA,Antarctica,0
2015,PCN,Pitcairn,0
2015,SPM,Saint Pierre and Miquelon,0
2015,SXM,Sint Maarten,0
2015,BLM,Saint Barthélemy,0
2016,AFG,Afghanistan,16220103
2016,ALB,Albania,10477874
2016,DZA,Algeria,133708897
2016,ASM,American Samoa,1247326
2016,AND,Andorra,87165
2016,AGO,Angola,57713955
2016,ATG,Antigua and Barbuda,1146491
2016,AZE,Azerbaijan,1042380
2016,ARG,Argentina,219553594
2016,AUS,Australia,3199006498
2016,AUT,Austria,28570290
2016,BHS,Bahamas,638299
2016,BHR,Bahrain,40068221
2016,BGD,Bangladesh,1266688085
2016,ARM,Armenia,2185672
2016,BRB,Barbados,2889481
2016,BEL,Belgium,1125747377
2016,BMU,Bermuda,1543371
2016,BTN,Bhutan,124797
2016,BOL,Bolivia (Plurinational State of),9205174
2016,BIH,Bosnia Herzegovina,2271921
2016,BWA,Botswana,199301
2016,BRA,Brazil,1102041179
2016,BLZ,Belize,647367
2016,IOT,Br. Indian Ocean Terr.,2115
2016,SLB,Solomon Isds,11826800
2016,VGB,Br. Virgin Isds,615212
2016,BRN,Brunei Darussalam,88667291
2016,BGR,Bulgaria,44626656
2016,MMR,Myanmar,615683509
2016,BDI,Burundi,462390
2016,BLR,Belarus,2885534
2016,KHM,Cambodia,425420521
2016,CMR,Cameroon,28304256
2016,CAN,Canada,732572062
2016,CPV,Cabo Verde,517437
2016,CYM,Cayman Isds,326261
2016,CAF,Central African Rep.,164857
2016,LKA,Sri Lanka,262228402
2016,TCD,Chad,2057870
2016,CHL,Chile,143813166
2016,CHN,China,16785585024
2016,CXR,Christmas Isds,3552
2016,COL,Colombia,124974843
2016,COM,Comoros,2111408
2016,MYT,Mayotte (Overseas France),0
2016,COG,Congo,47344313
2016,COD,Dem. Rep. of the Congo,11246217
2016,COK,Cook Isds,756617
2016,CRI,Costa Rica,53973467
2016,HRV,Croatia,49098253
2016,CUB,Cuba,12787444
2016,CYP,Cyprus,11675306
2016,CZE,Czechia,92436478
2016,BEN,Benin,196963392
2016,DNK,Denmark,187645122
2016,DMA,Dominica,639668
2016,DOM,Dominican Rep.,51826655
2016,ECU,Ecuador,57511271
2016,SLV,El Salvador,15346132
2016,GNQ,Equatorial Guinea,2773937
2016,ETH,Ethiopia,42433591
2016,ERI,Eritrea,310344
2016,EST,Estonia,47568213
2016,FLK,Falkland Isds (Malvinas),0
2016,FJI,Fiji,27824986
2016,FIN,Finland,83879229
2016,FRA,France,891541478
2016,PYF,French Polynesia,8114197
2016,DJI,Djibouti,211295823
2016,GAB,Gabon,10479492
2016,GEO,Georgia,57853298
2016,GMB,Gambia,24863790
2016,DEU,Germany,2638679905
2016,GHA,Ghana,109873593
2016,GIB,Gibraltar,55753
2016,KIR,Kiribati,1856002
2016,GRC,Greece,142207574
2016,GRD,Grenada,837613
2016,GUM,Guam,1266213
2016,GTM,Guatemala,38897835
2016,GIN,Guinea,29055728
2016,GUY,Guyana,2032121
2016,HTI,Haiti,108482580
2016,HND,Honduras,13124424
2016,HKG,China Hong Kong SAR,2144834094
2016,HUN,Hungary,60761938
2016,ISL,Iceland,571216
2016,IRN,Iran,235194397
2016,IRQ,Iraq,91080094
2016,IRL,Ireland,61886259
2016,ISR,Israel,103159348
2016,ITA,Italy,1572117669
2016,CIV,Côte d'Ivoire,52073786
2016,JAM,Jamaica,19712601
2016,JPN,Japan,16101544919
2016,KAZ,Kazakhstan,7176620
2016,JOR,Jordan,90204043
2016,KEN,Kenya,200781392
2016,PRK,Dem. People's Rep. of Korea,5548269
2016,KOR,Rep. of Korea,7007623660
2016,KWT,Kuwait,121685823
2016,KGZ,Kyrgyzstan,1486570
2016,LAO,Lao People's Dem. Rep.,5873921
2016,LBN,Lebanon,76368190
2016,LSO,Lesotho,30755
2016,LVA,Latvia,49506335
2016,LBR,Liberia,19382567
2016,LBY,Libya,19556872
2016,LTU,Lithuania,25266115
2016,LUX,Luxembourg,9720487
2016,MAC,China Macao SAR,5071360
2016,MDG,Madagascar,46037707
2016,MWI,Malawi,11212365
2016,MYS,Malaysia,7112008233
2016,MDV,Maldives,39202324
2016,MLI,Mali,5570496
2016,MLT,Malta,12320279
2016,MRT,Mauritania,71029674
2016,MUS,Mauritius,49686319
2016,MEX,Mexico,815126411
2016,S19,Other Asia nes,3652643604
2016,MNG,Mongolia,5672415
2016,MDA,Rep. of Moldova,416229
2016,MSR,Montserrat,0
2016,MAR,Morocco,95614814
2016,MOZ,Mozambique,35109091
2016,OMN,Oman,201899454
2016,NAM,Namibia,763749
2016,NRU,Nauru,278411
2016,NPL,Nepal,13824462
2016,NLD,Netherlands,3254915907
2016,CUW,Curaçao,3757379
2016,ABW,Aruba,878469
2016,NCL,New Caledonia,10339738
2016,VUT,Vanuatu,3653704
2016,NZL,New Zealand,366543144
2016,NIC,Nicaragua,15519722
2016,NER,Niger,9772301
2016,NGA,Nigeria,310819194
2016,NFK,Norfolk Isds,5329598
2016,NOR,Norway,76449498
2016,MNP,N. Mariana Isds,527241
2016,UMI,United States Minor Outlying Islands,0
2016,FSM,FS Micronesia,691983
2016,MHL,Marshall Isds,286412
2016,PLW,Palau,339416
2016,PAK,Pakistan,2018232586
2016,PAN,Panama,98584866
2016,PNG,Papua New Guinea,150192267
2016,PRY,Paraguay,18901527
2016,PER,Peru,159092687
2016,PHL,Philippines,5270872707
2016,POL,Poland,370027192
2016,PRT,Portugal,152371839
2016,GNB,Guinea-Bissau,2939787
2016,TLS,Timor-Leste,225914393
2016,QAT,Qatar,57545851
2016,ROU,Romania,92479459
2016,RUS,Russian Federation,1261604618
2016,RWA,Rwanda,6233772
2016,SHN,Saint Helena,9000
2016,KNA,Saint Kitts and Nevis,965975
2016,AIA,Anguilla,169488
2016,LCA,Saint Lucia,1018726
2016,VCT,Saint Vincent and the Grenadines,321210
2016,STP,Sao Tome and Principe,638083
2016,SAU,Saudi Arabia,1333074993
2016,SEN,Senegal,72588403
2016,SRB,Serbia,2836129
2016,SYC,Seychelles,4221675
2016,SLE,Sierra Leone,26917774
2016,IND,India,10093804356
2016,SGP,Singapore,11246431902
2016,SVK,Slovakia,64909314
2016,VNM,Viet Nam,3045496445
2016,SVN,Slovenia,89311965
2016,SOM,Somalia,42437030
2016,ZAF,South Africa,727879981
2016,ZWE,Zimbabwe,3128723
2016,ESP,Spain,1579275490
2016,SDN,Sudan,72372035
2016,SUR,Suriname,5076992
2016,SWZ,Eswatini,1631914
2016,SWE,Sweden,144692970
2016,CHE,Switzerland,2199902333
2016,SYR,Syria,25888876
2016,TJK,Tajikistan,1159661
2016,THA,Thailand,5392399348
2016,TGO,Togo,52146448
2016,TON,Tonga,3088902
2016,TTO,Trinidad and Tobago,17248753
2016,ARE,United Arab Emirates,1612105635
2016,TUN,Tunisia,37994155
2016,TUR,Türkiye,1024069768
2016,TKM,Turkmenistan,7465272
2016,TUV,Tuvalu,122688
2016,UGA,Uganda,6382245
2016,UKR,Ukraine,310365434
2016,MKD,North Macedonia,571541
2016,EGY,Egypt,1110437906
2016,GBR,United Kingdom,1590356852
2016,TZA,United Rep. of Tanzania,154452805
2016,USA,USA,16171284269
2016,BFA,Burkina Faso,11714921
2016,URY,Uruguay,29936118
2016,UZB,Uzbekistan,3450621
2016,VEN,Venezuela,13366116
2016,WLF,Wallis and Futuna Isds,154738
2016,WSM,Samoa,6054473
2016,YEM,Yemen,157907678
2016,ZMB,Zambia,1978825
2016,_X ,Areas nes,1
2016,PSE,State of Palestine,2233780
2016,VAT,Holy See (Vatican City State),45744
2016,MNE,Montenegro,3692680
2016,TKL,Tokelau,115596
2016,TCA,Turks and Caicos Isds,560407
2016,SGS,South Georgia and the South Sandwich Islands,0
2016,FRO,Faeroe Isds,0
2016,GRL,Greenland,101
2016,NIU,Niue,699
2016,SMR,San Marino,20167
2016,ATA,Antarctica,1326
2016,PCN,Pitcairn,22366
2016,SPM,Saint Pierre and Miquelon,1962
2016,SXM,Sint Maarten,0
2016,BLM,Saint Barthélemy,0
2017,AFG,Afghanistan,20185322.86
2017,ALB,Albania,10330356.58
2017,DZA,Algeria,206944384
2017,ASM,American Samoa,1161052.8
2017,AND,Andorra,264.08
2017,AGO,Angola,90173280.1
2017,ATG,Antigua and Barbuda,902318.8
2017,AZE,Azerbaijan,3252568.75
2017,ARG,Argentina,266441124
2017,AUS,Australia,2524361565
2017,AUT,Austria,26268453.13
2017,BHS,Bahamas,682584.71
2017,BHR,Bahrain,47348615.42
2017,BGD,Bangladesh,1595748251
2017,ARM,Armenia,4178651.39
2017,BRB,Barbados,4777067.47
2017,BEL,Belgium,1241271464
2017,BMU,Bermuda,1483890.82
2017,BTN,Bhutan,673391.81
2017,BOL,Bolivia (Plurinational State of),21501266.7
2017,BIH,Bosnia Herzegovina,1145965.89
2017,BWA,Botswana,361061.4
2017,BRA,Brazil,1225381940
2017,BLZ,Belize,675483.6
2017,IOT,Br. Indian Ocean Terr.,0
2017,SLB,Solomon Isds,16564146.53
2017,VGB,Br. Virgin Isds,880343.43
2017,BRN,Brunei Darussalam,64506597.68
2017,BGR,Bulgaria,58552454.87
2017,MMR,Myanmar,827456501.9
2017,BDI,Burundi,947977.81
2017,BLR,Belarus,3519688.33
2017,KHM,Cambodia,513912147.5
2017,CMR,Cameroon,20238038.35
2017,CAN,Canada,821233142.6
2017,CPV,Cabo Verde,1022323.45
2017,CYM,Cayman Isds,435807.61
2017,CAF,Central African Rep.,251414.45
2017,LKA,Sri Lanka,292895512.7
2017,TCD,Chad,334981.05
2017,CHL,Chile,158528619.2
2017,CHN,China,23083091151
2017,CXR,Christmas Isds,0
2017,COL,Colombia,122330422.3
2017,COM,Comoros,4425567.6
2017,MYT,Mayotte (Overseas France),0
2017,COG,Congo,52534359.96
2017,COD,Dem. Rep. of the Congo,8981574.26
2017,COK,Cook Isds,1358315.92
2017,CRI,Costa Rica,21467354.23
2017,HRV,Croatia,45342167.53
2017,CUB,Cuba,8447601.03
2017,CYP,Cyprus,10068765.61
2017,CZE,Czechia,101063099.8
2017,BEN,Benin,201093200.3
2017,DNK,Denmark,192863601.1
2017,DMA,Dominica,651916.27
2017,DOM,Dominican Rep.,53467819.48
2017,ECU,Ecuador,57218708.28
2017,SLV,El Salvador,18025121.44
2017,GNQ,Equatorial Guinea,4583454.84
2017,ETH,Ethiopia,38696323.21
2017,ERI,Eritrea,140290
2017,EST,Estonia,76232204.59
2017,FLK,Falkland Isds (Malvinas),0
2017,FJI,Fiji,22931714.39
2017,FIN,Finland,88383342.94
2017,FRA,France,1003039012
2017,PYF,French Polynesia,7943532.54
2017,DJI,Djibouti,202452861.1
2017,GAB,Gabon,10197102.86
2017,GEO,Georgia,59050483.2
2017,GMB,Gambia,46875765.01
2017,DEU,Germany,2668210139
2017,GHA,Ghana,107924994.4
2017,GIB,Gibraltar,299
2017,KIR,Kiribati,2712759.21
2017,GRC,Greece,181295491.2
2017,GRD,Grenada,568062.14
2017,GUM,Guam,1576721.99
2017,GTM,Guatemala,39310215.35
2017,GIN,Guinea,33990292.7
2017,GUY,Guyana,2706257.15
2017,HTI,Haiti,120337984.1
2017,HND,Honduras,18485823.64
2017,HKG,China Hong Kong SAR,2405808253
2017,HUN,Hungary,64863471.5
2017,ISL,Iceland,892126.65
2017,IRN,Iran,311729538.5
2017,IRQ,Iraq,125708857.5
2017,IRL,Ireland,78785542.16
2017,ISR,Israel,125994166.8
2017,ITA,Italy,1932613383
2017,CIV,Côte d'Ivoire,36766952.04
2017,JAM,Jamaica,15157867.53
2017,JPN,Japan,17798800691
2017,KAZ,Kazakhstan,15299954.66
2017,JOR,Jordan,104555314.6
2017,KEN,Kenya,290662655.1
2017,PRK,Dem. People's Rep. of Korea,260749.3
2017,KOR,Rep. of Korea,8200326741
2017,KWT,Kuwait,129376224.4
2017,KGZ,Kyrgyzstan,666801.78
2017,LAO,Lao People's Dem. Rep.,4212451.13
2017,LBN,Lebanon,83712057.63
2017,LSO,Lesotho,471.5
2017,LVA,Latvia,108889975
2017,LBR,Liberia,28902812.15
2017,LBY,Libya,14497074.69
2017,LTU,Lithuania,30703473.93
2017,LUX,Luxembourg,13997280.12
2017,MAC,China Macao SAR,5289735.23
2017,MDG,Madagascar,72013635.23
2017,MWI,Malawi,14758388.5
2017,MYS,Malaysia,8441139739
2017,MDV,Maldives,37560164.54
2017,MLI,Mali,5103219.44
2017,MLT,Malta,11908676.49
2017,MRT,Mauritania,99327170.87
2017,MUS,Mauritius,53194134.42
2017,MEX,Mexico,986560244.6
2017,S19,Other Asia nes,4229174061
2017,MNG,Mongolia,7843428.48
2017,MDA,Rep. of Moldova,462472.37
2017,MSR,Montserrat,0
2017,MAR,Morocco,85923790.95
2017,MOZ,Mozambique,54081145.13
2017,OMN,Oman,257442444.5
2017,NAM,Namibia,1234278.94
2017,NRU,Nauru,299573.17
2017,NPL,Nepal,8857851.36
2017,NLD,Netherlands,4037848090
2017,CUW,Curaçao,3537841.82
2017,ABW,Aruba,502187
2017,NCL,New Caledonia,10900759.46
2017,VUT,Vanuatu,4673531.32
2017,NZL,New Zealand,437417137.8
2017,NIC,Nicaragua,12383420.36
2017,NER,Niger,5885690.9
2017,NGA,Nigeria,342387650.6
2017,NFK,Norfolk Isds,569131.48
2017,NOR,Norway,63941922.29
2017,MNP,N. Mariana Isds,599298.88
2017,UMI,United States Minor Outlying Islands,0
2017,FSM,FS Micronesia,615051.04
2017,MHL,Marshall Isds,261147.42
2017,PLW,Palau,359243.49
2017,PAK,Pakistan,2398197253
2017,PAN,Panama,103176853
2017,PNG,Papua New Guinea,181813713.2
2017,PRY,Paraguay,21965907.88
2017,PER,Peru,166764960.9
2017,PHL,Philippines,6629644542
2017,POL,Poland,384231413.1
2017,PRT,Portugal,163384255.2
2017,GNB,Guinea-Bissau,4036088.04
2017,TLS,Timor-Leste,228143331.3
2017,QAT,Qatar,74769295.79
2017,ROU,Romania,125041452.3
2017,RUS,Russian Federation,1225507870
2017,RWA,Rwanda,7381007.4
2017,SHN,Saint Helena,0
2017,KNA,Saint Kitts and Nevis,800051.89
2017,AIA,Anguilla,14158.41
2017,LCA,Saint Lucia,730051.72
2017,VCT,Saint Vincent and the Grenadines,910694.81
2017,STP,Sao Tome and Principe,1010901.56
2017,SAU,Saudi Arabia,1378030379
2017,SEN,Senegal,95005594.04
2017,SRB,Serbia,4104019.18
2017,SYC,Seychelles,3854501.3
2017,SLE,Sierra Leone,27971062.61
2017,IND,India,14084131443
2017,SGP,Singapore,12724896712
2017,SVK,Slovakia,45673928.29
2017,VNM,Viet Nam,3586906701
2017,SVN,Slovenia,107332576.6
2017,SOM,Somalia,75541163.9
2017,ZAF,South Africa,704398100.6
2017,ZWE,Zimbabwe,3024624.96
2017,ESP,Spain,2010110012
2017,SDN,Sudan,61064327.91
2017,SUR,Suriname,5213918.92
2017,SWZ,Eswatini,2243506.72
2017,SWE,Sweden,149531524.1
2017,CHE,Switzerland,1244804712
2017,SYR,Syria,34591338.63
2017,TJK,Tajikistan,2734711.72
2017,THA,Thailand,6473725884
2017,TGO,Togo,132696126.7
2017,TON,Tonga,3307679.89
2017,TTO,Trinidad and Tobago,19905383.29
2017,ARE,United Arab Emirates,1626363332
2017,TUN,Tunisia,55193498.17
2017,TUR,Türkiye,1168937441
2017,TKM,Turkmenistan,4385360.16
2017,TUV,Tuvalu,92427.76
2017,UGA,Uganda,10869665.44
2017,UKR,Ukraine,296760836.4
2017,MKD,North Macedonia,1822080.41
2017,EGY,Egypt,1255254418
2017,GBR,United Kingdom,1406068852
2017,TZA,United Rep. of Tanzania,277399513.2
2017,USA,USA,17817789649
2017,BFA,Burkina Faso,14080735.36
2017,URY,Uruguay,32324667.29
2017,UZB,Uzbekistan,3627832.67
2017,VEN,Venezuela,8126235.41
2017,WLF,Wallis and Futuna Isds,159595.39
2017,WSM,Samoa,5992752.61
2017,YEM,Yemen,121124171.8
2017,ZMB,Zambia,2122053.19
2017,_X ,Areas nes,0
2017,PSE,State of Palestine,2052600.24
2017,VAT,Holy See (Vatican City State),0
2017,MNE,Montenegro,4126549.55
2017,TKL,Tokelau,0
2017,TCA,Turks and Caicos Isds,527557.13
2017,SGS,South Georgia and the South Sandwich Islands,0
2017,FRO,Faeroe Isds,0
2017,GRL,Greenland,20180
2017,NIU,Niue,0
2017,SMR,San Marino,159885.36
2017,ATA,Antarctica,0
2017,PCN,Pitcairn,0
2017,SPM,Saint Pierre and Miquelon,0
2017,SXM,Sint Maarten,1080
2017,BLM,Saint Barthélemy,300
2018,AFG,Afghanistan,21802350.91
2018,ALB,Albania,9789412.08
2018,DZA,Algeria,199513950.4
2018,ASM,American Samoa,1298388.73
2018,AND,Andorra,26153.69
2018,AGO,Angola,91547381.46
2018,ATG,Antigua and Barbuda,1611294.39
2018,AZE,Azerbaijan,68906662.59
2018,ARG,Argentina,238283191.8
2018,AUS,Australia,2800076333
2018,AUT,Austria,25777706.38
2018,BHS,Bahamas,1808456.5
2018,BHR,Bahrain,46664263.34
2018,BGD,Bangladesh,1888045319
2018,ARM,Armenia,3129092.29
2018,BRB,Barbados,5559189.65
2018,BEL,Belgium,1261805839
2018,BMU,Bermuda,1748929.38
2018,BTN,Bhutan,1155949.29
2018,BOL,Bolivia (Plurinational State of),21910473.81
2018,BIH,Bosnia Herzegovina,982556.67
2018,BWA,Botswana,599287.56
2018,BRA,Brazil,1145594357
2018,BLZ,Belize,1228327.52
2018,IOT,Br. Indian Ocean Terr.,0
2018,SLB,Solomon Isds,18265140.51
2018,VGB,Br. Virgin Isds,2116130.56
2018,BRN,Brunei Darussalam,61180995.09
2018,BGR,Bulgaria,428900315.3
2018,MMR,Myanmar,897490178.1
2018,BDI,Burundi,2196631.09
2018,BLR,Belarus,3762948.97
2018,KHM,Cambodia,525377997.8
2018,CMR,Cameroon,22691041.29
2018,CAN,Canada,914292359.5
2018,CPV,Cabo Verde,861905.63
2018,CYM,Cayman Isds,2003583.04
2018,CAF,Central African Rep.,501537.39
2018,LKA,Sri Lanka,320578173.8
2018,TCD,Chad,295784.2
2018,CHL,Chile,158974481.2
2018,CHN,China,27126932390
2018,CXR,Christmas Isds,0
2018,COL,Colombia,141049871.6
2018,COM,Comoros,3094508.18
2018,MYT,Mayotte (Overseas France),0
2018,COG,Congo,53164848.26
2018,COD,Dem. Rep. of the Congo,9912688.77
2018,COK,Cook Isds,966310.45
2018,CRI,Costa Rica,38192767.45
2018,HRV,Croatia,40846392.63
2018,CUB,Cuba,13263180.29
2018,CYP,Cyprus,15526166.27
2018,CZE,Czechia,83201816.34
2018,BEN,Benin,234885127
2018,DNK,Denmark,201283292.7
2018,DMA,Dominica,7002365.63
2018,DOM,Dominican Rep.,69494244.45
2018,ECU,Ecuador,76893796.61
2018,SLV,El Salvador,19968111.19
2018,GNQ,Equatorial Guinea,5495554.32
2018,ETH,Ethiopia,47909087.08
2018,ERI,Eritrea,419663.55
2018,EST,Estonia,99992156.33
2018,FLK,Falkland Isds (Malvinas),0
2018,FJI,Fiji,25347299.75
2018,FIN,Finland,85121117.05
2018,FRA,France,1039986231
2018,PYF,French Polynesia,9885770.79
2018,DJI,Djibouti,211543821.5
2018,GAB,Gabon,9497557.36
2018,GEO,Georgia,51273196.94
2018,GMB,Gambia,41259727.79
2018,DEU,Germany,2709811628
2018,GHA,Ghana,121443049.6
2018,GIB,Gibraltar,378.79
2018,KIR,Kiribati,1726848.8
2018,GRC,Greece,230763831.7
2018,GRD,Grenada,960035.47
2018,GUM,Guam,1044565.31
2018,GTM,Guatemala,49431272.81
2018,GIN,Guinea,49055650.09
2018,GUY,Guyana,3004986.9
2018,HTI,Haiti,118300418.6
2018,HND,Honduras,26845804.89
2018,HKG,China Hong Kong SAR,2559214909
2018,HUN,Hungary,73689709.93
2018,ISL,Iceland,2590347.24
2018,IRN,Iran,296520404.7
2018,IRQ,Iraq,136567277.3
2018,IRL,Ireland,79885139.33
2018,ISR,Israel,123174185.2
2018,ITA,Italy,1921126835
2018,CIV,Côte d'Ivoire,54509166.63
2018,JAM,Jamaica,20655749.02
2018,JPN,Japan,19479891978
2018,KAZ,Kazakhstan,33561536.51
2018,JOR,Jordan,108711015
2018,KEN,Kenya,302903800.3
2018,PRK,Dem. People's Rep. of Korea,33499
2018,KOR,Rep. of Korea,9532500319
2018,KWT,Kuwait,137007623.4
2018,KGZ,Kyrgyzstan,1803437.49
2018,LAO,Lao People's Dem. Rep.,7300435.34
2018,LBN,Lebanon,103463145
2018,LSO,Lesotho,112.5
2018,LVA,Latvia,133481103
2018,LBR,Liberia,27777152.25
2018,LBY,Libya,21738742.74
2018,LTU,Lithuania,26707857.76
2018,LUX,Luxembourg,21950494.93
2018,MAC,China Macao SAR,7788713.41
2018,MDG,Madagascar,57114948.57
2018,MWI,Malawi,13567229.55
2018,MYS,Malaysia,9436721342
2018,MDV,Maldives,53681753.02
2018,MLI,Mali,4915799.87
2018,MLT,Malta,9600980.14
2018,MRT,Mauritania,75959224.66
2018,MUS,Mauritius,81554478.06
2018,MEX,Mexico,905533654.9
2018,S19,Other Asia nes,4700894114
2018,MNG,Mongolia,8884268.21
2018,MDA,Rep. of Moldova,539092.84
2018,MSR,Montserrat,0
2018,MAR,Morocco,85220810.01
2018,MOZ,Mozambique,61353081.27
2018,OMN,Oman,321749947.2
2018,NAM,Namibia,1165749.67
2018,NRU,Nauru,358893.94
2018,NPL,Nepal,15057720.9
2018,NLD,Netherlands,3898165823
2018,CUW,Curaçao,5615899.72
2018,ABW,Aruba,2197106.58
2018,NCL,New Caledonia,11062821.58
2018,VUT,Vanuatu,4511622.93
2018,NZL,New Zealand,490802937
2018,NIC,Nicaragua,15347763.63
2018,NER,Niger,2502864.19
2018,NGA,Nigeria,421220864.8
2018,NFK,Norfolk Isds,61718.22
2018,NOR,Norway,60290638.21
2018,MNP,N. Mariana Isds,541204.84
2018,UMI,United States Minor Outlying Islands,0
2018,FSM,FS Micronesia,752682.33
2018,MHL,Marshall Isds,1478016.01
2018,PLW,Palau,139429.17
2018,PAK,Pakistan,2467866588
2018,PAN,Panama,102784844.3
2018,PNG,Papua New Guinea,213963741.8
2018,PRY,Paraguay,31986391.92
2018,PER,Peru,222115160.8
2018,PHL,Philippines,6825460221
2018,POL,Poland,461071722.8
2018,PRT,Portugal,152674742.5
2018,GNB,Guinea-Bissau,1743831.67
2018,TLS,Timor-Leste,189658130.8
2018,QAT,Qatar,91231240.01
2018,ROU,Romania,107469643.5
2018,RUS,Russian Federation,1001141520
2018,RWA,Rwanda,18208650.54
2018,SHN,Saint Helena,0
2018,KNA,Saint Kitts and Nevis,1002794.52
2018,AIA,Anguilla,275474.42
2018,LCA,Saint Lucia,1056919.73
2018,VCT,Saint Vincent and the Grenadines,1276034.41
2018,STP,Sao Tome and Principe,724706.83
2018,SAU,Saudi Arabia,1222426859
2018,SEN,Senegal,55633468.23
2018,SRB,Serbia,7644683.69
2018,SYC,Seychelles,3522852.89
2018,SLE,Sierra Leone,29012291.99
2018,IND,India,13725675908
2018,SGP,Singapore,12991592685
2018,SVK,Slovakia,30666588.92
2018,VNM,Viet Nam,4583936588
2018,SVN,Slovenia,104657246.1
2018,SOM,Somalia,68111565.58
2018,ZAF,South Africa,645591873.5
2018,ZWE,Zimbabwe,5490482.95
2018,ESP,Spain,2248570463
2018,SDN,Sudan,89619933.75
2018,SUR,Suriname,6479167.92
2018,SWZ,Eswatini,1981396.53
2018,SWE,Sweden,161824016.3
2018,CHE,Switzerland,669930630.9
2018,SYR,Syria,41527348.86
2018,TJK,Tajikistan,1506491.37
2018,THA,Thailand,6818948855
2018,TGO,Togo,147998862.6
2018,TON,Tonga,3698985.84
2018,TTO,Trinidad and Tobago,28719515.55
2018,ARE,United Arab Emirates,1460698872
2018,TUN,Tunisia,52407830.41
2018,TUR,Türkiye,1181874374
2018,TKM,Turkmenistan,2041719.36
2018,TUV,Tuvalu,41089.59
2018,UGA,Uganda,12017688.26
2018,UKR,Ukraine,232536509
2018,MKD,North Macedonia,3003776.7
2018,EGY,Egypt,1033513953
2018,GBR,United Kingdom,1466108306
2018,TZA,United Rep. of Tanzania,263181722.8
2018,USA,USA,18471771366
2018,BFA,Burkina Faso,11800259.13
2018,URY,Uruguay,38604350.49
2018,UZB,Uzbekistan,5535630.43
2018,VEN,Venezuela,4152357.43
2018,WLF,Wallis and Futuna Isds,139119.69
2018,WSM,Samoa,7135444.59
2018,YEM,Yemen,131961739.1
2018,ZMB,Zambia,3602128.77
2018,_X ,Areas nes,0
2018,PSE,State of Palestine,2759209.12
2018,VAT,Holy See (Vatican City State),74
2018,MNE,Montenegro,6040438.23
2018,TKL,Tokelau,0
2018,TCA,Turks and Caicos Isds,229596.44
2018,SGS,South Georgia and the South Sandwich Islands,390.78
2018,FRO,Faeroe Isds,136
2018,GRL,Greenland,4709.25
2018,NIU,Niue,0
2018,SMR,San Marino,110952
2018,ATA,Antarctica,0
2018,PCN,Pitcairn,8460.75
2018,SPM,Saint Pierre and Miquelon,0
2018,SXM,Sint Maarten,0
2018,BLM,Saint Barthélemy,0
2019,AFG,Afghanistan,15469586.64
2019,ALB,Albania,9726019.987
2019,DZA,Algeria,156140466.7
2019,ASM,American Samoa,1331112.409
2019,AND,Andorra,32513.67
2019,AGO,Angola,100807217.1
2019,ATG,Antigua and Barbuda,1189833.019
2019,AZE,Azerbaijan,2446730.441
2019,ARG,Argentina,202223654.4
2019,AUS,Australia,2328625110
2019,AUT,Austria,29724655.71
2019,BHS,Bahamas,2796471.625
2019,BHR,Bahrain,46131705.85
2019,BGD,Bangladesh,1913789325
2019,ARM,Armenia,2433409.036
2019,BRB,Barbados,4005741.156
2019,BEL,Belgium,1075680735
2019,BMU,Bermuda,1222297.905
2019,BTN,Bhutan,1433861.743
2019,BOL,Bolivia (Plurinational State of),35185764.97
2019,BIH,Bosnia Herzegovina,1989976.957
2019,BWA,Botswana,1046245.861
2019,BRA,Brazil,1002647440
2019,BLZ,Belize,1239961.558
2019,IOT,Br. Indian Ocean Terr.,0
2019,SLB,Solomon Isds,11398967.2
2019,VGB,Br. Virgin Isds,2094725.855
2019,BRN,Brunei Darussalam,103153604.2
2019,BGR,Bulgaria,56741180.37
2019,MMR,Myanmar,875626154.4
2019,BDI,Burundi,727956.988
2019,BLR,Belarus,3009870.125
2019,KHM,Cambodia,618521123.7
2019,CMR,Cameroon,20506160.83
2019,CAN,Canada,858205989.2
2019,CPV,Cabo Verde,747073.76
2019,CYM,Cayman Isds,1451911.618
2019,CAF,Central African Rep.,967840.76
2019,LKA,Sri Lanka,321364262.4
2019,TCD,Chad,644352.49
2019,CHL,Chile,126678181.8
2019,CHN,China,27961887116
2019,CXR,Christmas Isds,0
2019,COL,Colombia,140076046.4
2019,COM,Comoros,2260295.693
2019,MYT,Mayotte (Overseas France),0
2019,COG,Congo,53663365.69
2019,COD,Dem. Rep. of the Congo,12601890.61
2019,COK,Cook Isds,900669.637
2019,CRI,Costa Rica,24417434.4
2019,HRV,Croatia,37782949.36
2019,CUB,Cuba,6344477.988
2019,CYP,Cyprus,14874926.04
2019,CZE,Czechia,87210059.89
2019,BEN,Benin,148006622.5
2019,DNK,Denmark,195333643.1
2019,DMA,Dominica,9806365.127
2019,DOM,Dominican Rep.,72016096.98
2019,ECU,Ecuador,67443863.89
2019,SLV,El Salvador,22238737.25
2019,GNQ,Equatorial Guinea,9064973.275
2019,ETH,Ethiopia,44015250.69
2019,ERI,Eritrea,127241.382
2019,EST,Estonia,167498746.7
2019,FLK,Falkland Isds (Malvinas),0
2019,FJI,Fiji,26185580.1
2019,FIN,Finland,76618836.44
2019,FRA,France,1051016907
2019,PYF,French Polynesia,10922110.5
2019,DJI,Djibouti,162583658
2019,GAB,Gabon,18949234.37
2019,GEO,Georgia,42211095.41
2019,GMB,Gambia,43165499.21
2019,DEU,Germany,2405755143
2019,GHA,Ghana,172412575.2
2019,GIB,Gibraltar,10930.982
2019,KIR,Kiribati,2332406.384
2019,GRC,Greece,214819674.1
2019,GRD,Grenada,787308.119
2019,GUM,Guam,1652537.976
2019,GTM,Guatemala,41731939.35
2019,GIN,Guinea,49746093.7
2019,GUY,Guyana,4603169.996
2019,HTI,Haiti,98861151.15
2019,HND,Honduras,25304870.38
2019,HKG,China Hong Kong SAR,2501673206
2019,HUN,Hungary,88331100.04
2019,ISL,Iceland,1154478.839
2019,IRN,Iran,118099274.4
2019,IRQ,Iraq,168927921.3
2019,IRL,Ireland,71368797
2019,ISR,Israel,120630656.5
2019,ITA,Italy,1749309099
2019,CIV,Côte d'Ivoire,75178518.06
2019,JAM,Jamaica,22146714.23
2019,JPN,Japan,16003261515
2019,KAZ,Kazakhstan,207135552.2
2019,JOR,Jordan,108362631.6
2019,KEN,Kenya,264932023.3
2019,PRK,Dem. People's Rep. of Korea,199897.11
2019,KOR,Rep. of Korea,7234408619
2019,KWT,Kuwait,196545453.2
2019,KGZ,Kyrgyzstan,1250300.851
2019,LAO,Lao People's Dem. Rep.,6836966.415
2019,LBN,Lebanon,81972014.96
2019,LSO,Lesotho,74774
2019,LVA,Latvia,89225653.85
2019,LBR,Liberia,23707500.31
2019,LBY,Libya,28974736.09
2019,LTU,Lithuania,19022599.21
2019,LUX,Luxembourg,28260238.09
2019,MAC,China Macao SAR,4057254.178
2019,MDG,Madagascar,56540554.09
2019,MWI,Malawi,9030015.126
2019,MYS,Malaysia,8801814961
2019,MDV,Maldives,43675935.86
2019,MLI,Mali,6556889.272
2019,MLT,Malta,4860381.209
2019,MRT,Mauritania,59477587.49
2019,MUS,Mauritius,83033326.65
2019,MEX,Mexico,939279494.4
2019,S19,Other Asia nes,4034831887
2019,MNG,Mongolia,12284895.63
2019,MDA,Rep. of Moldova,930871.369
2019,MSR,Montserrat,630.04
2019,MAR,Morocco,84055047.85
2019,MOZ,Mozambique,129715687.8
2019,OMN,Oman,294125331.1
2019,NAM,Namibia,1364736.635
2019,NRU,Nauru,479991.373
2019,NPL,Nepal,51953983.91
2019,NLD,Netherlands,3204950953
2019,CUW,Curaçao,6928866.938
2019,ABW,Aruba,2647092.13
2019,NCL,New Caledonia,11412825.24
2019,VUT,Vanuatu,4245144.253
2019,NZL,New Zealand,447513196.7
2019,NIC,Nicaragua,13467664.07
2019,NER,Niger,4144529.468
2019,NGA,Nigeria,424297344.9
2019,NFK,Norfolk Isds,5835.6
2019,NOR,Norway,87549776.69
2019,MNP,N. Mariana Isds,657771.68
2019,UMI,United States Minor Outlying Islands,0
2019,FSM,FS Micronesia,1646755.38
2019,MHL,Marshall Isds,5067844.708
2019,PLW,Palau,191771.037
2019,PAK,Pakistan,1944020306
2019,PAN,Panama,83853756.36
2019,PNG,Papua New Guinea,153279785.7
2019,PRY,Paraguay,32983128.19
2019,PER,Peru,199351114.6
2019,PHL,Philippines,6770111447
2019,POL,Poland,483782403.6
2019,PRT,Portugal,138463846.2
2019,GNB,Guinea-Bissau,802695.16
2019,TLS,Timor-Leste,210736615.5
2019,QAT,Qatar,168394035
2019,ROU,Romania,128006192
2019,RUS,Russian Federation,864080562.7
2019,RWA,Rwanda,2947196.155
2019,SHN,Saint Helena,201.909
2019,KNA,Saint Kitts and Nevis,1025692.604
2019,AIA,Anguilla,9141.469
2019,LCA,Saint Lucia,1859154.044
2019,VCT,Saint Vincent and the Grenadines,620432.192
2019,STP,Sao Tome and Principe,766264.15
2019,SAU,Saudi Arabia,1503158687
2019,SEN,Senegal,49900978.27
2019,SRB,Serbia,12232829.45
2019,SYC,Seychelles,3302200.621
2019,SLE,Sierra Leone,18297153.5
2019,IND,India,11823490561
2019,SGP,Singapore,12916729676
2019,SVK,Slovakia,23519448.71
2019,VNM,Viet Nam,5153358373
2019,SVN,Slovenia,105919614.6
2019,SOM,Somalia,63610016.31
2019,ZAF,South Africa,588829785.7
2019,ZWE,Zimbabwe,1611037.418
2019,ESP,Spain,1599205429
2019,SDN,Sudan,102292447.7
2019,SUR,Suriname,8343990.703
2019,SWZ,Eswatini,4513512.435
2019,SWE,Sweden,155720623.9
2019,CHE,Switzerland,740723465.7
2019,SYR,Syria,44865920.78
2019,TJK,Tajikistan,1369605.827
2019,THA,Thailand,6218393408
2019,TGO,Togo,139157826
2019,TON,Tonga,3835181.52
2019,TTO,Trinidad and Tobago,20654952
2019,ARE,United Arab Emirates,1471228495
2019,TUN,Tunisia,56431882.48
2019,TUR,Türkiye,1147880205
2019,TKM,Turkmenistan,2185702.06
2019,TUV,Tuvalu,132097.666
2019,UGA,Uganda,6287141.56
2019,UKR,Ukraine,256101645.6
2019,MKD,North Macedonia,1933019.504
2019,EGY,Egypt,1012781880
2019,GBR,United Kingdom,1351496170
2019,TZA,United Rep. of Tanzania,262864489.5
2019,USA,USA,17873579569
2019,BFA,Burkina Faso,12974363.81
2019,URY,Uruguay,41537770.41
2019,UZB,Uzbekistan,8733445.824
2019,VEN,Venezuela,10674481.41
2019,WLF,Wallis and Futuna Isds,187994.95
2019,WSM,Samoa,6711329.578
2019,YEM,Yemen,150037720.6
2019,ZMB,Zambia,1505001.582
2019,_X ,Areas nes,0
2019,PSE,State of Palestine,2914195.877
2019,VAT,Holy See (Vatican City State),18086.488
2019,MNE,Montenegro,5819822.072
2019,TKL,Tokelau,50459.8
2019,TCA,Turks and Caicos Isds,442880.09
2019,SGS,South Georgia and the South Sandwich Islands,0
2019,FRO,Faeroe Isds,894.6
2019,GRL,Greenland,29649.6
2019,NIU,Niue,0
2019,SMR,San Marino,136282.003
2019,ATA,Antarctica,0
2019,PCN,Pitcairn,0
2019,SPM,Saint Pierre and Miquelon,0
2019,SXM,Sint Maarten,0
2019,BLM,Saint Barthélemy,0
2020,AFG,Afghanistan,21380641.83
2020,ALB,Albania,6644482.297
2020,DZA,Algeria,154299899.3
2020,ASM,American Samoa,2420142.553
2020,AND,Andorra,45147.984
2020,AGO,Angola,100222268.7
2020,ATG,Antigua and Barbuda,686600.353
2020,AZE,Azerbaijan,3596694.753
2020,ARG,Argentina,158906449.1
2020,AUS,Australia,2505717329
2020,AUT,Austria,37264945.97
2020,BHS,Bahamas,1605089.058
2020,BHR,Bahrain,38036192.09
2020,BGD,Bangladesh,1684517771
2020,ARM,Armenia,935215.319
2020,BRB,Barbados,3770471.599
2020,BEL,Belgium,1220405979
2020,BMU,Bermuda,916921.721
2020,BTN,Bhutan,1011196.555
2020,BOL,Bolivia (Plurinational State of),16997618.13
2020,BIH,Bosnia Herzegovina,1029948.392
2020,BWA,Botswana,402069.235
2020,BRA,Brazil,1015198726
2020,BLZ,Belize,732084.381
2020,IOT,Br. Indian Ocean Terr.,0
2020,SLB,Solomon Isds,13983502.38
2020,VGB,Br. Virgin Isds,1138072.046
2020,BRN,Brunei Darussalam,128962066.5
2020,BGR,Bulgaria,126791519.9
2020,MMR,Myanmar,1031871858
2020,BDI,Burundi,355534.97
2020,BLR,Belarus,7023553.752
2020,KHM,Cambodia,541303941.3
2020,CMR,Cameroon,23275634.37
2020,CAN,Canada,789116393.3
2020,CPV,Cabo Verde,573843.514
2020,CYM,Cayman Isds,664543.371
2020,CAF,Central African Rep.,2262832.181
2020,LKA,Sri Lanka,265965494.5
2020,TCD,Chad,1003627.67
2020,CHL,Chile,144761616.3
2020,CHN,China,31781825989
2020,CXR,Christmas Isds,0
2020,COL,Colombia,125363376.7
2020,COM,Comoros,4339977.624
2020,MYT,Mayotte (Overseas France),0
2020,COG,Congo,63884875.88
2020,COD,Dem. Rep. of the Congo,8008531.815
2020,COK,Cook Isds,771954.564
2020,CRI,Costa Rica,17085792.76
2020,HRV,Croatia,47806384.05
2020,CUB,Cuba,4744106.772
2020,CYP,Cyprus,9221763.099
2020,CZE,Czechia,70130534.05
2020,BEN,Benin,141980919.1
2020,DNK,Denmark,163899414.6
2020,DMA,Dominica,1821379.561
2020,DOM,Dominican Rep.,60535511.11
2020,ECU,Ecuador,47811953.65
2020,SLV,El Salvador,16487702.81
2020,GNQ,Equatorial Guinea,6493642.064
2020,ETH,Ethiopia,39492321.93
2020,ERI,Eritrea,647415.84
2020,EST,Estonia,182155236.2
2020,FLK,Falkland Isds (Malvinas),0
2020,FJI,Fiji,20911724.61
2020,FIN,Finland,60787082.46
2020,FRA,France,945132058.7
2020,PYF,French Polynesia,11169775.55
2020,DJI,Djibouti,195444528.3
2020,GAB,Gabon,6248391.347
2020,GEO,Georgia,45371300.64
2020,GMB,Gambia,51486394.22
2020,DEU,Germany,2456304737
2020,GHA,Ghana,135098849.5
2020,GIB,Gibraltar,133283.993
2020,KIR,Kiribati,2605232.987
2020,GRC,Greece,209609556.9
2020,GRD,Grenada,586876.973
2020,GUM,Guam,703222.136
2020,GTM,Guatemala,50901521.78
2020,GIN,Guinea,68962926.29
2020,GUY,Guyana,2505982.363
2020,HTI,Haiti,140613335
2020,HND,Honduras,34966411.86
2020,HKG,China Hong Kong SAR,2034852169
2020,HUN,Hungary,81542100.59
2020,ISL,Iceland,921901.145
2020,IRN,Iran,198273960.2
2020,IRQ,Iraq,188212085.7
2020,IRL,Ireland,76188102.27
2020,ISR,Israel,157543582.6
2020,ITA,Italy,1746240449
2020,CIV,Côte d'Ivoire,78123024.88
2020,JAM,Jamaica,15909041.65
2020,JPN,Japan,13664728614
2020,KAZ,Kazakhstan,19786554.91
2020,JOR,Jordan,98127982.25
2020,KEN,Kenya,388339575.4
2020,PRK,Dem. People's Rep. of Korea,720.527
2020,KOR,Rep. of Korea,6507557507
2020,KWT,Kuwait,148970958.3
2020,KGZ,Kyrgyzstan,1302496.207
2020,LAO,Lao People's Dem. Rep.,5095718.697
2020,LBN,Lebanon,51241517.57
2020,LSO,Lesotho,230785.95
2020,LVA,Latvia,72877145.31
2020,LBR,Liberia,26338484.87
2020,LBY,Libya,17586644.75
2020,LTU,Lithuania,13983517.03
2020,LUX,Luxembourg,26695738.85
2020,MAC,China Macao SAR,1160786.62
2020,MDG,Madagascar,46133825.5
2020,MWI,Malawi,12199133.72
2020,MYS,Malaysia,8098764365
2020,MDV,Maldives,30429405.46
2020,MLI,Mali,6745526.163
2020,MLT,Malta,3435116.915
2020,MRT,Mauritania,81867833.04
2020,MUS,Mauritius,68806415.17
2020,MEX,Mexico,936497692.4
2020,S19,Other Asia nes,4097427285
2020,MNG,Mongolia,23203358.49
2020,MDA,Rep. of Moldova,621229.292
2020,MSR,Montserrat,12975.44
2020,MAR,Morocco,75201925.12
2020,MOZ,Mozambique,58927579.23
2020,OMN,Oman,184148193.5
2020,NAM,Namibia,1396778.175
2020,NRU,Nauru,608659.08
2020,NPL,Nepal,16690217.15
2020,NLD,Netherlands,3113698955
2020,CUW,Curaçao,3836201.095
2020,ABW,Aruba,1199305.789
2020,NCL,New Caledonia,14564516.43
2020,VUT,Vanuatu,4192978.085
2020,NZL,New Zealand,479999290.5
2020,NIC,Nicaragua,16196163.78
2020,NER,Niger,3644096.969
2020,NGA,Nigeria,370955595.4
2020,NFK,Norfolk Isds,11576.83
2020,NOR,Norway,53648555.38
2020,MNP,N. Mariana Isds,528658.75
2020,UMI,United States Minor Outlying Islands,0
2020,FSM,FS Micronesia,1176175.02
2020,MHL,Marshall Isds,4404911.558
2020,PLW,Palau,195935.26
2020,PAK,Pakistan,2386132882
2020,PAN,Panama,75228577.96
2020,PNG,Papua New Guinea,139010449.2
2020,PRY,Paraguay,19942703.81
2020,PER,Peru,172775201.7
2020,PHL,Philippines,5900740890
2020,POL,Poland,441140005.3
2020,PRT,Portugal,105804466.4
2020,GNB,Guinea-Bissau,572251.57
2020,TLS,Timor-Leste,221344582.9
2020,QAT,Qatar,184312943.6
2020,ROU,Romania,108989976.5
2020,RUS,Russian Federation,973536732
2020,RWA,Rwanda,833493.056
2020,SHN,Saint Helena,41634.58
2020,KNA,Saint Kitts and Nevis,299620.611
2020,AIA,Anguilla,37628.87
2020,LCA,Saint Lucia,1151352.734
2020,VCT,Saint Vincent and the Grenadines,255616.892
2020,STP,Sao Tome and Principe,1375056.98
2020,SAU,Saudi Arabia,1338837989
2020,SEN,Senegal,67680204.89
2020,SRB,Serbia,12587338.15
2020,SYC,Seychelles,3336803.279
2020,SLE,Sierra Leone,12060451.6
2020,IND,India,10394496578
2020,SGP,Singapore,10661853768
2020,SVK,Slovakia,20521892.01
2020,VNM,Viet Nam,4941357771
2020,SVN,Slovenia,80662166.13
2020,SOM,Somalia,73122687.26
2020,ZAF,South Africa,572221257.1
2020,ZWE,Zimbabwe,2707905.367
2020,ESP,Spain,1515664555
2020,SDN,Sudan,114371303.1
2020,SUR,Suriname,5677855.622
2020,SWZ,Eswatini,2544557.104
2020,SWE,Sweden,172288432.2
2020,CHE,Switzerland,2398147159
2020,SYR,Syria,25688961.16
2020,TJK,Tajikistan,479408.11
2020,THA,Thailand,5110298772
2020,TGO,Togo,131897142.2
2020,TON,Tonga,4288614.117
2020,TTO,Trinidad and Tobago,20065076.05
2020,ARE,United Arab Emirates,1243961865
2020,TUN,Tunisia,53127090.56
2020,TUR,Türkiye,1048121848
2020,TKM,Turkmenistan,2811369.617
2020,TUV,Tuvalu,1728880.21
2020,UGA,Uganda,3894375.806
2020,UKR,Ukraine,223856949.6
2020,MKD,North Macedonia,2508375.498
2020,EGY,Egypt,1055771410
2020,GBR,United Kingdom,1283435539
2020,TZA,United Rep. of Tanzania,244101191.8
2020,USA,USA,18668906209
2020,BFA,Burkina Faso,12365261.81
2020,URY,Uruguay,34050592.17
2020,UZB,Uzbekistan,12394433.54
2020,VEN,Venezuela,14081450.76
2020,WLF,Wallis and Futuna Isds,126463.64
2020,WSM,Samoa,9714004.662
2020,YEM,Yemen,129808330.2
2020,ZMB,Zambia,1555644.409
2020,_X ,Areas nes,0
2020,PSE,State of Palestine,1956719.22
2020,VAT,Holy See (Vatican City State),947.135
2020,MNE,Montenegro,3484893.631
2020,TKL,Tokelau,0
2020,TCA,Turks and Caicos Isds,526111.518
2020,SGS,South Georgia and the South Sandwich Islands,364.32
2020,FRO,Faeroe Isds,0
2020,GRL,Greenland,110785.723
2020,NIU,Niue,0
2020,SMR,San Marino,0
2020,ATA,Antarctica,0
2020,PCN,Pitcairn,0
2020,SPM,Saint Pierre and Miquelon,0
2020,SXM,Sint Maarten,0
2020,BLM,Saint Barthélemy,0
2021,AFG,Afghanistan,15047504.27
2021,ALB,Albania,7869427.07
2021,DZA,Algeria,243353463.1
2021,ASM,American Samoa,3752598.66
2021,AND,Andorra,216796.45
2021,AGO,Angola,170372037.8
2021,ATG,Antigua and Barbuda,1422214.63
2021,AZE,Azerbaijan,6049016.66
2021,ARG,Argentina,280329745.3
2021,AUS,Australia,3222969363
2021,AUT,Austria,40233562.01
2021,BHS,Bahamas,2039833.01
2021,BHR,Bahrain,44102412.39
2021,BGD,Bangladesh,2923064372
2021,ARM,Armenia,2048234.39
2021,BRB,Barbados,3047969.8
2021,BEL,Belgium,1630874164
2021,BMU,Bermuda,1584542.9
2021,BTN,Bhutan,77694.37
2021,BOL,Bolivia (Plurinational State of),21602999.43
2021,BIH,Bosnia Herzegovina,697502.72
2021,BWA,Botswana,145010.78
2021,BRA,Brazil,1509709349
2021,BLZ,Belize,704325.42
2021,IOT,Br. Indian Ocean Terr.,0
2021,SLB,Solomon Isds,14948923.36
2021,VGB,Br. Virgin Isds,532642.91
2021,BRN,Brunei Darussalam,211434286.7
2021,BGR,Bulgaria,39785694.32
2021,MMR,Myanmar,1122300851
2021,BDI,Burundi,580436.64
2021,BLR,Belarus,6694332.91
2021,KHM,Cambodia,531124657.2
2021,CMR,Cameroon,28352415.18
2021,CAN,Canada,1061599165
2021,CPV,Cabo Verde,698035.69
2021,CYM,Cayman Isds,1137175.44
2021,CAF,Central African Rep.,2101350.38
2021,LKA,Sri Lanka,379877458.3
2021,TCD,Chad,206975
2021,CHL,Chile,258687933.8
2021,CHN,China,53781904498
2021,CXR,Christmas Isds,0
2021,COL,Colombia,330770415.1
2021,COM,Comoros,4831078.29
2021,MYT,Mayotte (Overseas France),0
2021,COG,Congo,69713939.29
2021,COD,Dem. Rep. of the Congo,34902633.99
2021,COK,Cook Isds,700667.52
2021,CRI,Costa Rica,36549820.4
2021,HRV,Croatia,42835473.42
2021,CUB,Cuba,12492310.44
2021,CYP,Cyprus,9198427.17
2021,CZE,Czechia,89916492.65
2021,BEN,Benin,249305705.3
2021,DNK,Denmark,201864976.2
2021,DMA,Dominica,2902870.5
2021,DOM,Dominican Rep.,59577806.62
2021,ECU,Ecuador,126060970.8
2021,SLV,El Salvador,32342901.55
2021,GNQ,Equatorial Guinea,15374214.42
2021,ETH,Ethiopia,42332173.01
2021,ERI,Eritrea,0
2021,EST,Estonia,322021293
2021,FLK,Falkland Isds (Malvinas),0
2021,FJI,Fiji,29140622.29
2021,FIN,Finland,85456483.44
2021,FRA,France,1031667662
2021,PYF,French Polynesia,13763398.97
2021,DJI,Djibouti,311325609.1
2021,GAB,Gabon,7982837.58
2021,GEO,Georgia,273868880.5
2021,GMB,Gambia,72238227.21
2021,DEU,Germany,2909942082
2021,GHA,Ghana,208049595.4
2021,GIB,Gibraltar,1327592.78
2021,KIR,Kiribati,4490269.52
2021,GRC,Greece,228057280.9
2021,GRD,Grenada,720889.51
2021,GUM,Guam,863544.22
2021,GTM,Guatemala,72966455.92
2021,GIN,Guinea,86493874.68
2021,GUY,Guyana,3837049.26
2021,HTI,Haiti,129293914.5
2021,HND,Honduras,154451365.6
2021,HKG,China Hong Kong SAR,2063087562
2021,HUN,Hungary,92737451.22
2021,ISL,Iceland,17920961.57
2021,IRN,Iran,187225591
2021,IRQ,Iraq,218343582.9
2021,IRL,Ireland,94880999.37
2021,ISR,Israel,162712519.3
2021,ITA,Italy,2792256651
2021,CIV,Côte d'Ivoire,124242199.6
2021,JAM,Jamaica,20886363.26
2021,JPN,Japan,17855409215
2021,KAZ,Kazakhstan,13348641.66
2021,JOR,Jordan,310043655.5
2021,KEN,Kenya,532520803.5
2021,PRK,Dem. People's Rep. of Korea,56268.69
2021,KOR,Rep. of Korea,8980472020
2021,KWT,Kuwait,128670111.8
2021,KGZ,Kyrgyzstan,2202960.2
2021,LAO,Lao People's Dem. Rep.,7577025.36
2021,LBN,Lebanon,52505219.86
2021,LSO,Lesotho,26980.26
2021,LVA,Latvia,64935407.66
2021,LBR,Liberia,36938141.3
2021,LBY,Libya,17487961.07
2021,LTU,Lithuania,14515326.8
2021,LUX,Luxembourg,39743528.69
2021,MAC,China Macao SAR,7501931.48
2021,MDG,Madagascar,55227816.7
2021,MWI,Malawi,8834960.44
2021,MYS,Malaysia,12006469604
2021,MDV,Maldives,40195830.02
2021,MLI,Mali,9327958.16
2021,MLT,Malta,7174198.04
2021,MRT,Mauritania,217499105.6
2021,MUS,Mauritius,63334122.31
2021,MEX,Mexico,1302140308
2021,S19,Other Asia nes,6960606163
2021,MNG,Mongolia,15410259.39
2021,MDA,Rep. of Moldova,383738.78
2021,MSR,Montserrat,1093.5
2021,MAR,Morocco,103999837.6
2021,MOZ,Mozambique,111880959
2021,OMN,Oman,251787803.8
2021,NAM,Namibia,1060020.61
2021,NRU,Nauru,477830.68
2021,NPL,Nepal,27789637.24
2021,NLD,Netherlands,4631552726
2021,CUW,Curaçao,5363163.47
2021,ABW,Aruba,826513.9
2021,NCL,New Caledonia,12248221.81
2021,VUT,Vanuatu,6990701.8
2021,NZL,New Zealand,718725122.3
2021,NIC,Nicaragua,35986531.74
2021,NER,Niger,4816738.6
2021,NGA,Nigeria,464285382.7
2021,NFK,Norfolk Isds,0
2021,NOR,Norway,53631708.29
2021,MNP,N. Mariana Isds,531665.36
2021,UMI,United States Minor Outlying Islands,0
2021,FSM,FS Micronesia,1529493.78
2021,MHL,Marshall Isds,1431840.8
2021,PLW,Palau,647554.06
2021,PAK,Pakistan,3811460393
2021,PAN,Panama,91149219.74
2021,PNG,Papua New Guinea,196729616.9
2021,PRY,Paraguay,24798132.08
2021,PER,Peru,318454151.7
2021,PHL,Philippines,8603714682
2021,POL,Poland,654622588.7
2021,PRT,Portugal,125124160.1
2021,GNB,Guinea-Bissau,428089.38
2021,TLS,Timor-Leste,248561469.8
2021,QAT,Qatar,217180074.2
2021,ROU,Romania,106072302.8
2021,RUS,Russian Federation,1493580479
2021,RWA,Rwanda,575520.75
2021,SHN,Saint Helena,34298.69
2021,KNA,Saint Kitts and Nevis,546737.9
2021,AIA,Anguilla,50357.19
2021,LCA,Saint Lucia,1474558.34
2021,VCT,Saint Vincent and the Grenadines,247557.32
2021,STP,Sao Tome and Principe,1822705.34
2021,SAU,Saudi Arabia,1583589168
2021,SEN,Senegal,159630904.1
2021,SRB,Serbia,11110568.22
2021,SYC,Seychelles,2958359.68
2021,SLE,Sierra Leone,8546142.6
2021,IND,India,13289379461
2021,SGP,Singapore,11634139477
2021,SVK,Slovakia,31473162.98
2021,VNM,Viet Nam,6851269479
2021,SVN,Slovenia,128307525.4
2021,SOM,Somalia,90719141.6
2021,ZAF,South Africa,966136348.1
2021,ZWE,Zimbabwe,4243166.46
2021,ESP,Spain,2350311729
2021,SDN,Sudan,120656414.8
2021,SUR,Suriname,4139756.78
2021,SWZ,Eswatini,2149288.05
2021,SWE,Sweden,241572910
2021,CHE,Switzerland,1315627690
2021,SYR,Syria,19578607.86
2021,TJK,Tajikistan,1695991.2
2021,THA,Thailand,7090257099
2021,TGO,Togo,259193947.8
2021,TON,Tonga,5987139.01
2021,TTO,Trinidad and Tobago,21163941.33
2021,ARE,United Arab Emirates,1892738336
2021,TUN,Tunisia,100684048
2021,TUR,Türkiye,1607361616
2021,TKM,Turkmenistan,1538471.46
2021,TUV,Tuvalu,75309.45
2021,UGA,Uganda,5569263.79
2021,UKR,Ukraine,416993640.1
2021,MKD,North Macedonia,2785924.31
2021,EGY,Egypt,1653393222
2021,GBR,United Kingdom,1475873494
2021,TZA,United Rep. of Tanzania,361854774.3
2021,USA,USA,25820254775
2021,BFA,Burkina Faso,16792297.12
2021,URY,Uruguay,42045109.76
2021,UZB,Uzbekistan,20467083.2
2021,VEN,Venezuela,22850317.75
2021,WLF,Wallis and Futuna Isds,526387.13
2021,WSM,Samoa,10526300.18
2021,YEM,Yemen,129776343.5
2021,ZMB,Zambia,1363072.13
2021,_X ,Areas nes,0
2021,PSE,State of Palestine,355772.01
2021,VAT,Holy See (Vatican City State),82.09
2021,MNE,Montenegro,4403398.39
2021,TKL,Tokelau,24653.71
2021,TCA,Turks and Caicos Isds,176487.48
2021,SGS,South Georgia and the South Sandwich Islands,0
2021,FRO,Faeroe Isds,50063.76
2021,GRL,Greenland,35904.2
2021,NIU,Niue,0
2021,SMR,San Marino,0
2021,ATA,Antarctica,0
2021,PCN,Pitcairn,147000
2021,SPM,Saint Pierre and Miquelon,0
2021,SXM,Sint Maarten,0
2021,BLM,Saint Barthélemy,0
2022,AFG,Afghanistan,12897008
2022,ALB,Albania,14092945
2022,DZA,Algeria,302405695
2022,ASM,American Samoa,1717292
2022,AND,Andorra,225300
2022,AGO,Angola,320659936
2022,ATG,Antigua and Barbuda,2817802
2022,AZE,Azerbaijan,3640577
2022,ARG,Argentina,310877024
2022,AUS,Australia,3469605478
2022,AUT,Austria,56812755
2022,BHS,Bahamas,3550752
2022,BHR,Bahrain,44830490
2022,BGD,Bangladesh,3894627819
2022,ARM,Armenia,3717936
2022,BRB,Barbados,4335519
2022,BEL,Belgium,2191298692
2022,BMU,Bermuda,1660438
2022,BTN,Bhutan,67471723
2022,BOL,Bolivia (Plurinational State of),19158507
2022,BIH,Bosnia Herzegovina,965370
2022,BWA,Botswana,3867238
2022,BRA,Brazil,1487060874
2022,BLZ,Belize,577080
2022,IOT,Br. Indian Ocean Terr.,513746
2022,SLB,Solomon Isds,18808903
2022,VGB,Br. Virgin Isds,573095
2022,BRN,Brunei Darussalam,240260423
2022,BGR,Bulgaria,314342617
2022,MMR,Myanmar,965999020
2022,BDI,Burundi,647863
2022,BLR,Belarus,692679
2022,KHM,Cambodia,725959524
2022,CMR,Cameroon,55310302
2022,CAN,Canada,1276160139
2022,CPV,Cabo Verde,815524
2022,CYM,Cayman Isds,1068056
2022,CAF,Central African Rep.,3040336
2022,LKA,Sri Lanka,263773267
2022,TCD,Chad,1606925
2022,CHL,Chile,354657012
2022,CHN,China,65924104118
2022,CXR,Christmas Isds,0
2022,COL,Colombia,259099683
2022,COM,Comoros,5535614
2022,MYT,Mayotte (Overseas France),0
2022,COG,Congo,71342630
2022,COD,Dem. Rep. of the Congo,31482677
2022,COK,Cook Isds,620986
2022,CRI,Costa Rica,82771233
2022,HRV,Croatia,117896607
2022,CUB,Cuba,2994125
2022,CYP,Cyprus,12542998
2022,CZE,Czechia,83162762
2022,BEN,Benin,192048575
2022,DNK,Denmark,710321394
2022,DMA,Dominica,13509612
2022,DOM,Dominican Rep.,107362608
2022,ECU,Ecuador,139261076
2022,SLV,El Salvador,51304679
2022,GNQ,Equatorial Guinea,14899497
2022,ETH,Ethiopia,47514300
2022,ERI,Eritrea,384945
2022,EST,Estonia,309873592
2022,FLK,Falkland Isds (Malvinas),0
2022,FJI,Fiji,40484222
2022,FIN,Finland,92091600
2022,FRA,France,1116961722
2022,PYF,French Polynesia,16572637
2022,DJI,Djibouti,290827440
2022,GAB,Gabon,9500326
2022,GEO,Georgia,108013140
2022,GMB,Gambia,47193742
2022,DEU,Germany,3216060214
2022,GHA,Ghana,180795367
2022,GIB,Gibraltar,29469
2022,KIR,Kiribati,3019017
2022,GRC,Greece,327019454
2022,GRD,Grenada,1299521
2022,GUM,Guam,955910
2022,GTM,Guatemala,118672975
2022,GIN,Guinea,32960518
2022,GUY,Guyana,4675823
2022,HTI,Haiti,111176209
2022,HND,Honduras,153052494
2022,HKG,China Hong Kong SAR,2953071367
2022,HUN,Hungary,91255396
2022,ISL,Iceland,21410753
2022,IRN,Iran,242551538
2022,IRQ,Iraq,348331833
2022,IRL,Ireland,96159234
2022,ISR,Israel,185555928
2022,ITA,Italy,3129859153
2022,CIV,Côte d'Ivoire,109235906
2022,JAM,Jamaica,35872888
2022,JPN,Japan,24845365325
2022,KAZ,Kazakhstan,105851291
2022,JOR,Jordan,592633494
2022,KEN,Kenya,475371226
2022,PRK,Dem. People's Rep. of Korea,3041
2022,KOR,Rep. of Korea,12813689301
2022,KWT,Kuwait,171446990
2022,KGZ,Kyrgyzstan,2476154
2022,LAO,Lao People's Dem. Rep.,26622238
2022,LBN,Lebanon,77241720
2022,LSO,Lesotho,0
2022,LVA,Latvia,61667925
2022,LBR,Liberia,52553350
2022,LBY,Libya,52897121
2022,LTU,Lithuania,11698495
2022,LUX,Luxembourg,56936054
2022,MAC,China Macao SAR,3069137
2022,MDG,Madagascar,63560553
2022,MWI,Malawi,10822624
2022,MYS,Malaysia,15452430525
2022,MDV,Maldives,38999033
2022,MLI,Mali,9144712
2022,MLT,Malta,8349920
2022,MRT,Mauritania,247863219
2022,MUS,Mauritius,67608932
2022,MEX,Mexico,1702902479
2022,S19,Other Asia nes,8702754427
2022,MNG,Mongolia,12443749
2022,MDA,Rep. of Moldova,336323
2022,MSR,Montserrat,23968
2022,MAR,Morocco,194045496
2022,MOZ,Mozambique,135816649
2022,OMN,Oman,411055039
2022,NAM,Namibia,5090715
2022,NRU,Nauru,654921
2022,NPL,Nepal,19860950
2022,NLD,Netherlands,5379176687
2022,CUW,Curaçao,6534141
2022,ABW,Aruba,1944510
2022,NCL,New Caledonia,13719406
2022,VUT,Vanuatu,5707922
2022,NZL,New Zealand,731914752
2022,NIC,Nicaragua,35567016
2022,NER,Niger,8059552
2022,NGA,Nigeria,459788592
2022,NFK,Norfolk Isds,0
2022,NOR,Norway,144665896
2022,MNP,N. Mariana Isds,393030
2022,UMI,United States Minor Outlying Islands,6436
2022,FSM,FS Micronesia,1189386
2022,MHL,Marshall Isds,17579999
2022,PLW,Palau,433815
2022,PAK,Pakistan,4330733478
2022,PAN,Panama,170409047
2022,PNG,Papua New Guinea,244554591
2022,PRY,Paraguay,21912826
2022,PER,Peru,442782206
2022,PHL,Philippines,12903203199
2022,POL,Poland,1123682949
2022,PRT,Portugal,130066818
2022,GNB,Guinea-Bissau,242614
2022,TLS,Timor-Leste,297344846
2022,QAT,Qatar,296810527
2022,ROU,Romania,121408924
2022,RUS,Russian Federation,1386510708
2022,RWA,Rwanda,537304
2022,SHN,Saint Helena,24034
2022,KNA,Saint Kitts and Nevis,820541
2022,AIA,Anguilla,38279
2022,LCA,Saint Lucia,3522136
2022,VCT,Saint Vincent and the Grenadines,389658
2022,STP,Sao Tome and Principe,1684577
2022,SAU,Saudi Arabia,2018952624
2022,SEN,Senegal,619838931
2022,SRB,Serbia,22812062
2022,SYC,Seychelles,3662567
2022,SLE,Sierra Leone,12560658
2022,IND,India,23378835994
2022,SGP,Singapore,14395729722
2022,SVK,Slovakia,39158835
2022,VNM,Viet Nam,8286044388
2022,SVN,Slovenia,187434156
2022,SOM,Somalia,100866413
2022,ZAF,South Africa,1090843417
2022,ZWE,Zimbabwe,5665967
2022,ESP,Spain,2293647095
2022,SDN,Sudan,106961442
2022,SUR,Suriname,5690909
2022,SWZ,Eswatini,3959824
2022,SWE,Sweden,253449109
2022,CHE,Switzerland,1882908020
2022,SYR,Syria,9358179
2022,TJK,Tajikistan,3105217
2022,THA,Thailand,8169360880
2022,TGO,Togo,232775506
2022,TON,Tonga,3987918
2022,TTO,Trinidad and Tobago,31418740
2022,ARE,United Arab Emirates,2300356179
2022,TUN,Tunisia,169550581
2022,TUR,Türkiye,2069416339
2022,TKM,Turkmenistan,4002727
2022,TUV,Tuvalu,61976
2022,UGA,Uganda,15398043
2022,UKR,Ukraine,36815051
2022,MKD,North Macedonia,10717159
2022,EGY,Egypt,1342382061
2022,GBR,United Kingdom,1664076857
2022,TZA,United Rep. of Tanzania,277358266
2022,USA,USA,28240115695
2022,BFA,Burkina Faso,16182432
2022,URY,Uruguay,58011447
2022,UZB,Uzbekistan,33569192
2022,VEN,Venezuela,17554332
2022,WLF,Wallis and Futuna Isds,476764
2022,WSM,Samoa,11596402
2022,YEM,Yemen,120884930
2022,ZMB,Zambia,3403101
2022,_X ,Areas nes,0
2022,PSE,State of Palestine,823776
2022,VAT,Holy See (Vatican City State),15992
2022,MNE,Montenegro,3770856
2022,TKL,Tokelau,85685
2022,TCA,Turks and Caicos Isds,918850
2022,SGS,South Georgia and the South Sandwich Islands,0
2022,FRO,Faeroe Isds,100
2022,GRL,Greenland,58628
2022,NIU,Niue,363
2022,SMR,San Marino,2873
2022,ATA,Antarctica,0
2022,PCN,Pitcairn,1379
2022,SPM,Saint Pierre and Miquelon,3313
2022,SXM,Sint Maarten,0
2022,BLM,Saint Barthélemy,0
2023,AFG,Afghanistan,5104171.925
2023,ALB,Albania,13208518.45
2023,DZA,Algeria,296834922
2023,ASM,American Samoa,1937855.522
2023,AND,Andorra,48453.85
2023,AGO,Angola,162990087
2023,ATG,Antigua and Barbuda,3913281.212
2023,AZE,Azerbaijan,4886154.441
2023,ARG,Argentina,202339513.9
2023,AUS,Australia,3178356525
2023,AUT,Austria,39067624.21
2023,BHS,Bahamas,7470802.067
2023,BHR,Bahrain,52881577.12
2023,BGD,Bangladesh,3577791736
2023,ARM,Armenia,7738476.89
2023,BRB,Barbados,6963462.45
2023,BEL,Belgium,1624243109
2023,BMU,Bermuda,2823412.4
2023,BTN,Bhutan,8484707.767
2023,BOL,Bolivia (Plurinational State of),13237167.72
2023,BIH,Bosnia Herzegovina,911781.539
2023,BWA,Botswana,525066.478
2023,BRA,Brazil,1277469547
2023,BLZ,Belize,515442.994
2023,IOT,Br. Indian Ocean Terr.,0
2023,SLB,Solomon Isds,18019088.73
2023,VGB,Br. Virgin Isds,5700442.896
2023,BRN,Brunei Darussalam,197192789.7
2023,BGR,Bulgaria,409456723.5
2023,MMR,Myanmar,796617590.4
2023,BDI,Burundi,1221453.175
2023,BLR,Belarus,13411405.69
2023,KHM,Cambodia,855901869.6
2023,CMR,Cameroon,134476812.8
2023,CAN,Canada,1299065731
2023,CPV,Cabo Verde,766070.403
2023,CYM,Cayman Isds,2084073.462
2023,CAF,Central African Rep.,2387237.549
2023,LKA,Sri Lanka,326593696.7
2023,TCD,Chad,2033024.25
2023,CHL,Chile,312588862.8
2023,CHN,China,64934538026
2023,CXR,Christmas Isds,9089.755
2023,COL,Colombia,170815478
2023,COM,Comoros,2952894.402
2023,MYT,Mayotte (Overseas France),0
2023,COG,Congo,92809564.55
2023,COD,Dem. Rep. of the Congo,26168241.28
2023,COK,Cook Isds,808252.723
2023,CRI,Costa Rica,124564470.8
2023,HRV,Croatia,178220624.3
2023,CUB,Cuba,8200646.249
2023,CYP,Cyprus,16154327.91
2023,CZE,Czechia,77657538.7
2023,BEN,Benin,203711233
2023,DNK,Denmark,147622717
2023,DMA,Dominica,34789782.37
2023,DOM,Dominican Rep.,148999968
2023,ECU,Ecuador,106185355.9
2023,SLV,El Salvador,77120125.85
2023,GNQ,Equatorial Guinea,13120268.09
2023,ETH,Ethiopia,41363513.7
2023,ERI,Eritrea,251549.01
2023,EST,Estonia,394683559.9
2023,FLK,Falkland Isds (Malvinas),0
2023,FJI,Fiji,43766477.68
2023,FIN,Finland,54935311.25
2023,FRA,France,962427524.9
2023,PYF,French Polynesia,13520325.4
2023,DJI,Djibouti,481004189
2023,GAB,Gabon,8793246.067
2023,GEO,Georgia,98701857.44
2023,GMB,Gambia,60185215.87
2023,DEU,Germany,2523565230
2023,GHA,Ghana,156460330.2
2023,GIB,Gibraltar,22097.027
2023,KIR,Kiribati,3609037.566
2023,GRC,Greece,251246422.9
2023,GRD,Grenada,2990105.306
2023,GUM,Guam,925426.983
2023,GTM,Guatemala,189068676.4
2023,GIN,Guinea,125164866.6
2023,GUY,Guyana,4395899.509
2023,HTI,Haiti,141977551.1
2023,HND,Honduras,65451542.22
2023,HKG,China Hong Kong SAR,2650809025
2023,HUN,Hungary,88647712.37
2023,ISL,Iceland,13679146.03
2023,IRN,Iran,194459845.9
2023,IRQ,Iraq,292985302.7
2023,IRL,Ireland,114382418.6
2023,ISR,Israel,165768188.2
2023,ITA,Italy,2098415419
2023,CIV,Côte d'Ivoire,155227604.6
2023,JAM,Jamaica,37232956.88
2023,JPN,Japan,20786151065
2023,KAZ,Kazakhstan,111400435.1
2023,JOR,Jordan,722656872.6
2023,KEN,Kenya,464438007.8
2023,PRK,Dem. People's Rep. of Korea,156395.323
2023,KOR,Rep. of Korea,10301405898
2023,KWT,Kuwait,253998444.3
2023,KGZ,Kyrgyzstan,6513821.613
2023,LAO,Lao People's Dem. Rep.,16703675.1
2023,LBN,Lebanon,98746125.88
2023,LSO,Lesotho,0
2023,LVA,Latvia,62681999.28
2023,LBR,Liberia,33651393.61
2023,LBY,Libya,116418300.9
2023,LTU,Lithuania,38512109.38
2023,LUX,Luxembourg,33402862.41
2023,MAC,China Macao SAR,2846119.109
2023,MDG,Madagascar,42265881.42
2023,MWI,Malawi,3092101.501
2023,MYS,Malaysia,12459865136
2023,MDV,Maldives,43875980.1
2023,MLI,Mali,17261277.38
2023,MLT,Malta,24229215.91
2023,MRT,Mauritania,156029625.9
2023,MUS,Mauritius,63551685.53
2023,MEX,Mexico,2160537156
2023,S19,Other Asia nes,6703875805
2023,MNG,Mongolia,10796105.15
2023,MDA,Rep. of Moldova,547196.299
2023,MSR,Montserrat,9033
2023,MAR,Morocco,146949239.1
2023,MOZ,Mozambique,115465487.8
2023,OMN,Oman,337174790.1
2023,NAM,Namibia,9670977.398
2023,NRU,Nauru,477177.641
2023,NPL,Nepal,17988124.38
2023,NLD,Netherlands,3866795393
2023,CUW,Curaçao,10622422.28
2023,ABW,Aruba,4501404.422
2023,NCL,New Caledonia,16531168.38
2023,VUT,Vanuatu,8450993.32
2023,NZL,New Zealand,592988838.3
2023,NIC,Nicaragua,52958127.81
2023,NER,Niger,9171330.952
2023,NGA,Nigeria,498147882.6
2023,NFK,Norfolk Isds,16560
2023,NOR,Norway,484375469.2
2023,MNP,N. Mariana Isds,470273.686
2023,UMI,United States Minor Outlying Islands,0
2023,FSM,FS Micronesia,1074988.626
2023,MHL,Marshall Isds,57356396.02
2023,PLW,Palau,764027.505
2023,PAK,Pakistan,3030723027
2023,PAN,Panama,185650560.5
2023,PNG,Papua New Guinea,196856285.8
2023,PRY,Paraguay,33326990.77
2023,PER,Peru,367382822.5
2023,PHL,Philippines,11039943441
2023,POL,Poland,772129489.4
2023,PRT,Portugal,140778211.9
2023,GNB,Guinea-Bissau,2119690.19
2023,TLS,Timor-Leste,340303476.6
2023,QAT,Qatar,713533204.2
2023,ROU,Romania,135793183.8
2023,RUS,Russian Federation,912925525.7
2023,RWA,Rwanda,1358697.393
2023,SHN,Saint Helena,5457.24
2023,KNA,Saint Kitts and Nevis,2449989.493
2023,AIA,Anguilla,104064.585
2023,LCA,Saint Lucia,5068487.217
2023,VCT,Saint Vincent and the Grenadines,4303989.329
2023,STP,Sao Tome and Principe,988832.267
2023,SAU,Saudi Arabia,2078715417
2023,SEN,Senegal,202535401.7
2023,SRB,Serbia,34830279.95
2023,SYC,Seychelles,5509746.231
2023,SLE,Sierra Leone,10262006.73
2023,IND,India,20289263824
2023,SGP,Singapore,12606784043
2023,SVK,Slovakia,34111760.27
2023,VNM,Viet Nam,7536663556
2023,SVN,Slovenia,122816522
2023,SOM,Somalia,97069458.68
2023,ZAF,South Africa,843105998.4
2023,ZWE,Zimbabwe,5152274.222
2023,ESP,Spain,2194487208
2023,SDN,Sudan,82770054.86
2023,SUR,Suriname,5419484.908
2023,SWZ,Eswatini,3053207.585
2023,SWE,Sweden,284507474.2
2023,CHE,Switzerland,2266641943
2023,SYR,Syria,15926680.16
2023,TJK,Tajikistan,1105907.94
2023,THA,Thailand,7222863355
2023,TGO,Togo,205877340.9
2023,TON,Tonga,7631742.434
2023,TTO,Trinidad and Tobago,39851134.1
2023,ARE,United Arab Emirates,2648681384
2023,TUN,Tunisia,112294103.2
2023,TUR,Türkiye,1538293742
2023,TKM,Turkmenistan,4068952.61
2023,TUV,Tuvalu,495575.476
2023,UGA,Uganda,16881519.13
2023,UKR,Ukraine,10902045.85
2023,MKD,North Macedonia,3109292.868
2023,EGY,Egypt,1312346584
2023,GBR,United Kingdom,1521698140
2023,TZA,United Rep. of Tanzania,282092578.4
2023,USA,USA,23284563053
2023,BFA,Burkina Faso,24479635.26
2023,URY,Uruguay,55656131.63
2023,UZB,Uzbekistan,16337431.69
2023,VEN,Venezuela,27660279.15
2023,WLF,Wallis and Futuna Isds,200579.49
2023,WSM,Samoa,10088211.41
2023,YEM,Yemen,173001310.1
2023,ZMB,Zambia,8109021.939
2023,_X ,Areas nes,122337.169
2023,PSE,State of Palestine,2372858.87
2023,VAT,Holy See (Vatican City State),739.44
2023,MNE,Montenegro,1718942.878
2023,TKL,Tokelau,22443.61
2023,TCA,Turks and Caicos Isds,1036003.334
2023,SGS,South Georgia and the South Sandwich Islands,0
2023,FRO,Faeroe Isds,443.823
2023,GRL,Greenland,54809.471
2023,NIU,Niue,0
2023,SMR,San Marino,0
2023,ATA,Antarctica,0
2023,PCN,Pitcairn,0
2023,SPM,Saint Pierre and Miquelon,0
2023,SXM,Sint Maarten,0
2023,BLM,Saint Barthélemy,0
