period,ISO,COUNTRY,import_value
2012,AFG,Afghanistan,61067
2012,ALB,Albania,635056
2012,DZA,Algeria,308113614
2012,ASM,American Samoa,23572756
2012,AND,Andorra,22612842
2012,AGO,Angola,503458931
2012,ATG,Antigua and Barbuda,5747659
2012,AZE,Azerbaijan,1233541114
2012,ARG,Argentina,1756278765
2012,AUS,Australia,5297647618
2012,AUT,Austria,324475509
2012,BHS,Bahamas,105061
2012,BHR,Bahrain,74908267
2012,BGD,Bangladesh,48698149
2012,ARM,Armenia,169892
2012,BRB,Barbados,1147927
2012,BEL,Belgium,628139296
2012,BMU,Bermuda,71845792
2012,BTN,Bhutan,27408
2012,BOL,Bolivia (Plurinational State of),1165505
2012,BIH,Bosnia Herzegovina,648976
2012,BWA,Botswana,2202
2012,BRA,Brazil,1970951038
2012,BLZ,Belize,4266709
2012,IOT,Br. Indian Ocean Terr.,351444
2012,SLB,Solomon Isds,3376924
2012,VGB,Br. Virgin Isds,3064836
2012,BRN,Brunei Darussalam,419793744
2012,BGR,Bulgaria,28219572
2012,MMR,Myanmar,63532625
2012,BLR,Belarus,86838823
2012,KHM,Cambodia,11572296
2012,CMR,Cameroon,14874064
2012,CAN,Canada,1810746039
2012,CPV,Cabo Verde,3946
2012,CYM,Cayman Isds,1243309
2012,CAF,Central African Rep.,9103854
2012,LKA,Sri Lanka,98022145
2012,TCD,Chad,5175139
2012,CHL,Chile,206640932
2012,CHN,China,29387066842
2012,CXR,Christmas Isds,6244218
2012,CCK,Cocos Isds,10805
2012,COL,Colombia,19529171
2012,COM,Comoros,546517
2012,COG,Congo,1346524
2012,COD,Dem. Rep. of the Congo,3775110
2012,COK,Cook Isds,42324
2012,CRI,Costa Rica,8513358
2012,HRV,Croatia,10843834
2012,CUB,Cuba,1253149
2012,CYP,Cyprus,3433292
2012,CZE,Czechia,119028640
2012,BEN,Benin,13253005
2012,DNK,Denmark,173488072
2012,DMA,Dominica,595071
2012,DOM,Dominican Rep.,3842904
2012,ECU,Ecuador,6830487
2012,SLV,El Salvador,1209610
2012,GNQ,Equatorial Guinea,7710
2012,ETH,Ethiopia,8133363
2012,ERI,Eritrea,756060
2012,EST,Estonia,89336640
2012,FRO,Faeroe Isds,17
2012,FLK,Falkland Isds (Malvinas),35398
2012,SGS,South Georgia and the South Sandwich Islands,6155
2012,FJI,Fiji,1512505
2012,FIN,Finland,448813354
2012,FRA,France,1926195228
2012,PYF,French Polynesia,71712
2012,DJI,Djibouti,1415331
2012,GAB,Gabon,1266406
2012,GEO,Georgia,6858707
2012,GMB,Gambia,722384
2012,PSE,State of Palestine,1001880
2012,DEU,Germany,4188549129
2012,GHA,Ghana,15697925
2012,KIR,Kiribati,824
2012,GRC,Greece,122874633
2012,GRL,Greenland,3236456
2012,GRD,Grenada,73380
2012,GUM,Guam,844
2012,GTM,Guatemala,908749
2012,GIN,Guinea,828267
2012,GUY,Guyana,1311789
2012,HTI,Haiti,4008463
2012,VAT,Holy See (Vatican City State),99353
2012,HND,Honduras,1301900
2012,HKG,China Hong Kong SAR,1930212884
2012,HUN,Hungary,162368663
2012,ISL,Iceland,852632
2012,IDN,Indonesia,161143979
2012,IRN,Iran,773507882
2012,IRQ,Iraq,106035
2012,IRL,Ireland,109866817
2012,ISR,Israel,14021635
2012,ITA,Italy,1523826538
2012,CIV,Côte d'Ivoire,38472251
2012,JAM,Jamaica,931199
2012,JPN,Japan,22767831170
2012,KAZ,Kazakhstan,54718175
2012,JOR,Jordan,342096726
2012,KEN,Kenya,15846406
2012,PRK,Dem. People's Rep. of Korea,61560840
2012,KOR,Rep. of Korea,11970370657
2012,KWT,Kuwait,2181484447
2012,KGZ,Kyrgyzstan,1467726
2012,LAO,Lao People's Dem. Rep.,3301245
2012,LBN,Lebanon,2727740
2012,LSO,Lesotho,829
2012,LVA,Latvia,5723268
2012,LBR,Liberia,6609371
2012,LBY,Libya,511266733
2012,LTU,Lithuania,18002047
2012,LUX,Luxembourg,9097663
2012,MAC,China Macao SAR,3853496
2012,MDG,Madagascar,91147954
2012,MWI,Malawi,6072397
2012,MYS,Malaysia,12243573114
2012,MDV,Maldives,37685
2012,MLI,Mali,33120083
2012,MLT,Malta,3905130
2012,MRT,Mauritania,2548088
2012,MUS,Mauritius,6894792
2012,MEX,Mexico,568439129
2012,S19,Other Asia nes,4692768919
2012,MNG,Mongolia,62640
2012,MDA,Rep. of Moldova,677591
2012,MSR,Montserrat,355
2012,MAR,Morocco,188023011
2012,MOZ,Mozambique,21055400
2012,OMN,Oman,226184546
2012,NAM,Namibia,2409122
2012,NRU,Nauru,10653
2012,NPL,Nepal,63517
2012,NLD,Netherlands,880229830
2012,CUW,Curaçao,2098930
2012,ABW,Aruba,5792267
2012,NCL,New Caledonia,318725
2012,VUT,Vanuatu,275357
2012,NZL,New Zealand,696253737
2012,NIC,Nicaragua,1327306
2012,NER,Niger,1130662
2012,NGA,Nigeria,2770663509
2012,NIU,Niue,98
2012,NFK,Norfolk Isds,828834
2012,NOR,Norway,234837073
2012,MNP,N. Mariana Isds,492
2012,UMI,United States Minor Outlying Islands,3687
2012,FSM,FS Micronesia,8040
2012,MHL,Marshall Isds,21506163
2012,PLW,Palau,24
2012,PAK,Pakistan,273224555
2012,PAN,Panama,225225547
2012,PNG,Papua New Guinea,56829309
2012,PRY,Paraguay,19553780
2012,PER,Peru,72678999
2012,PHL,Philippines,799712139
2012,POL,Poland,127405365
2012,PRT,Portugal,27944604
2012,TLS,Timor-Leste,632501
2012,QAT,Qatar,1595897420
2012,ROU,Romania,66255702
2012,RUS,Russian Federation,2505659133
2012,RWA,Rwanda,42128
2012,SHN,Saint Helena,473841
2012,KNA,Saint Kitts and Nevis,2198
2012,AIA,Anguilla,20406
2012,LCA,Saint Lucia,129228
2012,VCT,Saint Vincent and the Grenadines,1579281
2012,SMR,San Marino,4338
2012,STP,Sao Tome and Principe,622
2012,SAU,Saudi Arabia,5199395114
2012,SEN,Senegal,3047817
2012,SRB,Serbia,11079
2012,SYC,Seychelles,346919
2012,SLE,Sierra Leone,2701290
2012,IND,India,4305643140
2012,SGP,Singapore,26087258529
2012,SVK,Slovakia,9019596
2012,VNM,Viet Nam,2595006406
2012,SVN,Slovenia,13851689
2012,SOM,Somalia,602675
2012,ZAF,South Africa,661981121
2012,ZWE,Zimbabwe,46990743
2012,ESP,Spain,459090428
2012,SDN,Sudan,1896118
2012,SUR,Suriname,1829260
2012,SWZ,Eswatini,4766797
2012,SWE,Sweden,1298715955
2012,CHE,Switzerland,542060856
2012,SYR,Syria,1612316
2012,TJK,Tajikistan,7624315
2012,THA,Thailand,11437238797
2012,TGO,Togo,18139031
2012,TKL,Tokelau,95601
2012,TON,Tonga,411
2012,TTO,Trinidad and Tobago,24174721
2012,ARE,United Arab Emirates,1731020098
2012,TUN,Tunisia,23477512
2012,TUR,Türkiye,304868928
2012,TKM,Turkmenistan,1279038
2012,TUV,Tuvalu,2560425
2012,UGA,Uganda,24041590
2012,UKR,Ukraine,774075977
2012,MKD,North Macedonia,589922
2012,EGY,Egypt,222852842
2012,GBR,United Kingdom,1366326556
2012,TZA,United Rep. of Tanzania,63760977
2012,USA,USA,11614234745
2012,BFA,Burkina Faso,30082983
2012,URY,Uruguay,19997584
2012,UZB,Uzbekistan,319824
2012,VEN,Venezuela,690687
2012,WSM,Samoa,310608
2012,YEM,Yemen,2065348
2012,ZMB,Zambia,11782915
2012,_X ,Areas nes,1446
2012,MNE,Montenegro,0
2012,O19,Oceania nes,0
2012,F19,Other Africa nes,0
2012,GNB,Guinea-Bissau,0
2012,ESH,Western Sahara,0
2012,TCA,Turks and Caicos Isds,0
2012,WLF,Wallis and Futuna Isds,0
2012,BDI,Burundi,0
2012,GIB,Gibraltar,0
2012,ATA,Antarctica,0
2012,PCN,Pitcairn,0
2012,ATF,Fr. South Antarctic Terr.,0
2012,HMD,Heard Island and McDonald Islands,0
2012,SXM,Sint Maarten,0
2012,BLM,Saint Barthélemy,0
2012,SSD,South Sudan,0
2012,BVT,Bouvet Island,0
2013,AFG,Afghanistan,15916
2013,ALB,Albania,691939
2013,DZA,Algeria,379247695
2013,ASM,American Samoa,4525864
2013,AND,Andorra,1479
2013,AGO,Angola,212725284
2013,ATG,Antigua and Barbuda,4623271
2013,AZE,Azerbaijan,1738495693
2013,ARG,Argentina,1686627043
2013,AUS,Australia,5038166465
2013,AUT,Austria,383601878
2013,BHS,Bahamas,6473168
2013,BHR,Bahrain,78141714
2013,BGD,Bangladesh,90169785
2013,ARM,Armenia,33309
2013,BRB,Barbados,17290
2013,BEL,Belgium,642540994
2013,BMU,Bermuda,267495461
2013,BTN,Bhutan,740
2013,BOL,Bolivia (Plurinational State of),134522
2013,BIH,Bosnia Herzegovina,9306761
2013,BWA,Botswana,3056
2013,BRA,Brazil,2215964397
2013,BLZ,Belize,1652028
2013,IOT,Br. Indian Ocean Terr.,2288
2013,SLB,Solomon Isds,3357396
2013,VGB,Br. Virgin Isds,13434069
2013,BRN,Brunei Darussalam,645392246
2013,BGR,Bulgaria,51782052
2013,MMR,Myanmar,73151428
2013,BLR,Belarus,129821452
2013,KHM,Cambodia,17844685
2013,CMR,Cameroon,17287179
2013,CAN,Canada,2067471210
2013,CPV,Cabo Verde,13441
2013,CYM,Cayman Isds,9220
2013,CAF,Central African Rep.,12843360
2013,LKA,Sri Lanka,49531802
2013,TCD,Chad,6404567
2013,CHL,Chile,241248160
2013,CHN,China,29849460256
2013,CXR,Christmas Isds,6250688
2013,CCK,Cocos Isds,33259
2013,COL,Colombia,15766872
2013,COM,Comoros,49687
2013,COG,Congo,553879
2013,COD,Dem. Rep. of the Congo,4418854
2013,COK,Cook Isds,551775
2013,CRI,Costa Rica,27663058
2013,HRV,Croatia,8066007
2013,CUB,Cuba,380236
2013,CYP,Cyprus,4277343
2013,CZE,Czechia,171593214
2013,BEN,Benin,24913700
2013,DNK,Denmark,199312090
2013,DMA,Dominica,116813
2013,DOM,Dominican Rep.,3197812
2013,ECU,Ecuador,13119180
2013,SLV,El Salvador,56102113
2013,GNQ,Equatorial Guinea,0
2013,ETH,Ethiopia,14989728
2013,ERI,Eritrea,1023
2013,EST,Estonia,2957955
2013,FRO,Faeroe Isds,134288
2013,FLK,Falkland Isds (Malvinas),2854
2013,SGS,South Georgia and the South Sandwich Islands,2427
2013,FJI,Fiji,2645447
2013,FIN,Finland,442542480
2013,FRA,France,1594458436
2013,PYF,French Polynesia,75911
2013,DJI,Djibouti,388512
2013,GAB,Gabon,455942
2013,GEO,Georgia,6918107
2013,GMB,Gambia,1303
2013,PSE,State of Palestine,186048
2013,DEU,Germany,4426331450
2013,GHA,Ghana,25622280
2013,KIR,Kiribati,12229
2013,GRC,Greece,90570863
2013,GRL,Greenland,1102925
2013,GRD,Grenada,55300
2013,GUM,Guam,30
2013,GTM,Guatemala,6040532
2013,GIN,Guinea,284270
2013,GUY,Guyana,437159
2013,HTI,Haiti,63337
2013,VAT,Holy See (Vatican City State),15208
2013,HND,Honduras,1433549
2013,HKG,China Hong Kong SAR,2092391621
2013,HUN,Hungary,110282305
2013,ISL,Iceland,533874
2013,IDN,Indonesia,179623141
2013,IRN,Iran,99047203
2013,IRQ,Iraq,114318
2013,IRL,Ireland,115803296
2013,ISR,Israel,15609160
2013,ITA,Italy,1695547570
2013,CIV,Côte d'Ivoire,60345903
2013,JAM,Jamaica,506331
2013,JPN,Japan,19284588145
2013,KAZ,Kazakhstan,16941672
2013,JOR,Jordan,315773622
2013,KEN,Kenya,13964365
2013,PRK,Dem. People's Rep. of Korea,13635289
2013,KOR,Rep. of Korea,11592633392
2013,KWT,Kuwait,1440878782
2013,KGZ,Kyrgyzstan,1380447
2013,LAO,Lao People's Dem. Rep.,7545137
2013,LBN,Lebanon,1048965
2013,LSO,Lesotho,86959
2013,LVA,Latvia,5211921
2013,LBR,Liberia,6400868
2013,LBY,Libya,375656066
2013,LTU,Lithuania,6308461
2013,LUX,Luxembourg,16358976
2013,MAC,China Macao SAR,7536847
2013,MDG,Madagascar,10506835
2013,MWI,Malawi,9050933
2013,MYS,Malaysia,13322532977
2013,MDV,Maldives,5856
2013,MLI,Mali,43243360
2013,MLT,Malta,2963444
2013,MRT,Mauritania,639395
2013,MUS,Mauritius,8648799
2013,MEX,Mexico,515792456
2013,S19,Other Asia nes,4480461215
2013,MNG,Mongolia,2968901
2013,MDA,Rep. of Moldova,7975068
2013,MSR,Montserrat,4569
2013,MAR,Morocco,118316222
2013,MOZ,Mozambique,57939489
2013,OMN,Oman,252951635
2013,NAM,Namibia,614605
2013,NRU,Nauru,62172
2013,NPL,Nepal,115569
2013,NLD,Netherlands,1033812974
2013,CUW,Curaçao,4894513
2013,ABW,Aruba,214787
2013,NCL,New Caledonia,381617
2013,VUT,Vanuatu,76044
2013,NZL,New Zealand,805987907
2013,NIC,Nicaragua,838292
2013,NER,Niger,282418
2013,NGA,Nigeria,3122441367
2013,NIU,Niue,3263
2013,NFK,Norfolk Isds,594352
2013,NOR,Norway,226259571
2013,MNP,N. Mariana Isds,0
2013,UMI,United States Minor Outlying Islands,0
2013,FSM,FS Micronesia,6113
2013,MHL,Marshall Isds,2858123
2013,PLW,Palau,0
2013,PAK,Pakistan,168741979
2013,PAN,Panama,13696128
2013,PNG,Papua New Guinea,78087124
2013,PRY,Paraguay,103361885
2013,PER,Peru,51801152
2013,PHL,Philippines,777383933
2013,POL,Poland,150712873
2013,PRT,Portugal,41895778
2013,TLS,Timor-Leste,273960
2013,QAT,Qatar,1481292848
2013,ROU,Romania,41222192
2013,RUS,Russian Federation,2593637267
2013,RWA,Rwanda,117977
2013,SHN,Saint Helena,165140
2013,KNA,Saint Kitts and Nevis,18552
2013,AIA,Anguilla,30979
2013,LCA,Saint Lucia,210
2013,VCT,Saint Vincent and the Grenadines,1471893
2013,SMR,San Marino,64907
2013,STP,Sao Tome and Principe,4258
2013,SAU,Saudi Arabia,6526424476
2013,SEN,Senegal,4065869
2013,SRB,Serbia,3307376
2013,SYC,Seychelles,853809
2013,SLE,Sierra Leone,178465
2013,IND,India,3963980281
2013,SGP,Singapore,25581520273
2013,SVK,Slovakia,12532081
2013,VNM,Viet Nam,2722637451
2013,SVN,Slovenia,16608479
2013,SOM,Somalia,6948
2013,ZAF,South Africa,624931108
2013,ZWE,Zimbabwe,29496111
2013,ESP,Spain,545165285
2013,SDN,Sudan,3666594
2013,SUR,Suriname,1552
2013,SWZ,Eswatini,3919451
2013,SWE,Sweden,825575642
2013,CHE,Switzerland,710468693
2013,SYR,Syria,1526293
2013,TJK,Tajikistan,92821
2013,THA,Thailand,10703074072
2013,TGO,Togo,13384095
2013,TKL,Tokelau,263051
2013,TON,Tonga,1251
2013,TTO,Trinidad and Tobago,681687
2013,ARE,United Arab Emirates,1809358016
2013,TUN,Tunisia,26097790
2013,TUR,Türkiye,1314975011
2013,TKM,Turkmenistan,2920980
2013,TUV,Tuvalu,0
2013,UGA,Uganda,20167957
2013,UKR,Ukraine,553685298
2013,MKD,North Macedonia,230586
2013,EGY,Egypt,126883547
2013,GBR,United Kingdom,1081917473
2013,TZA,United Rep. of Tanzania,51588205
2013,USA,USA,9081821487
2013,BFA,Burkina Faso,86505496
2013,URY,Uruguay,26000123
2013,UZB,Uzbekistan,24049844
2013,VEN,Venezuela,620320
2013,WSM,Samoa,661521
2013,YEM,Yemen,3069455
2013,ZMB,Zambia,16533314
2013,_X ,Areas nes,0
2013,MNE,Montenegro,157012
2013,O19,Oceania nes,1
2013,F19,Other Africa nes,15699
2013,GNB,Guinea-Bissau,18530
2013,ESH,Western Sahara,2385
2013,TCA,Turks and Caicos Isds,107
2013,WLF,Wallis and Futuna Isds,1
2013,BDI,Burundi,0
2013,GIB,Gibraltar,0
2013,ATA,Antarctica,0
2013,PCN,Pitcairn,0
2013,ATF,Fr. South Antarctic Terr.,0
2013,HMD,Heard Island and McDonald Islands,0
2013,SXM,Sint Maarten,0
2013,BLM,Saint Barthélemy,0
2013,SSD,South Sudan,0
2013,BVT,Bouvet Island,0
2014,AFG,Afghanistan,212233
2014,ALB,Albania,857032
2014,DZA,Algeria,299723811
2014,ASM,American Samoa,11883706
2014,AND,Andorra,18977215
2014,AGO,Angola,209281316
2014,ATG,Antigua and Barbuda,292785
2014,AZE,Azerbaijan,2421343418
2014,ARG,Argentina,1465325166
2014,AUS,Australia,5647502357
2014,AUT,Austria,342954982
2014,BHS,Bahamas,14351
2014,BHR,Bahrain,161709135
2014,BGD,Bangladesh,71299782
2014,ARM,Armenia,402798
2014,BRB,Barbados,11134
2014,BEL,Belgium,585486463
2014,BMU,Bermuda,1030036
2014,BTN,Bhutan,5
2014,BOL,Bolivia (Plurinational State of),106516
2014,BIH,Bosnia Herzegovina,15961714
2014,BWA,Botswana,3043
2014,BRA,Brazil,2553533203
2014,BLZ,Belize,3302938
2014,IOT,Br. Indian Ocean Terr.,42683
2014,SLB,Solomon Isds,3649330
2014,VGB,Br. Virgin Isds,4843129
2014,BRN,Brunei Darussalam,594302740
2014,BGR,Bulgaria,45741431
2014,MMR,Myanmar,122076991
2014,BLR,Belarus,186356931
2014,KHM,Cambodia,18696935
2014,CMR,Cameroon,39580737
2014,CAN,Canada,1860197888
2014,CPV,Cabo Verde,2823
2014,CYM,Cayman Isds,9569
2014,CAF,Central African Rep.,15183804
2014,LKA,Sri Lanka,45995895
2014,TCD,Chad,6165223
2014,CHL,Chile,241506407
2014,CHN,China,30624380094
2014,CXR,Christmas Isds,13318913
2014,CCK,Cocos Isds,1371
2014,COL,Colombia,7151779
2014,COM,Comoros,6963
2014,COG,Congo,76014854
2014,COD,Dem. Rep. of the Congo,3341856
2014,COK,Cook Isds,292245
2014,CRI,Costa Rica,4061240
2014,HRV,Croatia,10962378
2014,CUB,Cuba,1906844
2014,CYP,Cyprus,2569077
2014,CZE,Czechia,175580407
2014,BEN,Benin,31098356
2014,DNK,Denmark,167953592
2014,DMA,Dominica,245588
2014,DOM,Dominican Rep.,10491522
2014,ECU,Ecuador,41860215
2014,SLV,El Salvador,279700
2014,GNQ,Equatorial Guinea,6
2014,ETH,Ethiopia,23719921
2014,ERI,Eritrea,15677
2014,EST,Estonia,3123743
2014,FRO,Faeroe Isds,161736
2014,FLK,Falkland Isds (Malvinas),0
2014,SGS,South Georgia and the South Sandwich Islands,982
2014,FJI,Fiji,3306621
2014,FIN,Finland,668427397
2014,FRA,France,1335157996
2014,PYF,French Polynesia,378825
2014,DJI,Djibouti,263720
2014,GAB,Gabon,422623
2014,GEO,Georgia,6578514
2014,GMB,Gambia,14325
2014,PSE,State of Palestine,110221
2014,DEU,Germany,4091178958
2014,GHA,Ghana,28718163
2014,KIR,Kiribati,3462
2014,GRC,Greece,97193879
2014,GRL,Greenland,350092
2014,GRD,Grenada,373023
2014,GUM,Guam,15188
2014,GTM,Guatemala,791941
2014,GIN,Guinea,1286429
2014,GUY,Guyana,324
2014,HTI,Haiti,116451
2014,VAT,Holy See (Vatican City State),100895
2014,HND,Honduras,1273920
2014,HKG,China Hong Kong SAR,1848444738
2014,HUN,Hungary,62424122
2014,ISL,Iceland,1471864
2014,IDN,Indonesia,177172558
2014,IRN,Iran,42547826
2014,IRQ,Iraq,369659
2014,IRL,Ireland,100937729
2014,ISR,Israel,13897037
2014,ITA,Italy,1722908132
2014,CIV,Côte d'Ivoire,245394854
2014,JAM,Jamaica,2274582
2014,JPN,Japan,17007578713
2014,KAZ,Kazakhstan,28186409
2014,JOR,Jordan,152549238
2014,KEN,Kenya,9672293
2014,PRK,Dem. People's Rep. of Korea,1562197
2014,KOR,Rep. of Korea,11847411142
2014,KWT,Kuwait,1461533754
2014,KGZ,Kyrgyzstan,688935
2014,LAO,Lao People's Dem. Rep.,51258138
2014,LBN,Lebanon,3729167
2014,LSO,Lesotho,963218
2014,LVA,Latvia,1789172
2014,LBR,Liberia,110491
2014,LBY,Libya,58307222
2014,LTU,Lithuania,8697147
2014,LUX,Luxembourg,6312942
2014,MAC,China Macao SAR,8067193
2014,MDG,Madagascar,8718632
2014,MWI,Malawi,6195404
2014,MYS,Malaysia,10855394373
2014,MDV,Maldives,185
2014,MLI,Mali,56607299
2014,MLT,Malta,1750265
2014,MRT,Mauritania,978669
2014,MUS,Mauritius,4184161
2014,MEX,Mexico,187461952
2014,S19,Other Asia nes,3758273391
2014,MNG,Mongolia,19223187
2014,MDA,Rep. of Moldova,15781416
2014,MSR,Montserrat,3667
2014,MAR,Morocco,140265564
2014,MOZ,Mozambique,26713655
2014,OMN,Oman,193649193
2014,NAM,Namibia,950227
2014,NRU,Nauru,72929
2014,NPL,Nepal,75124
2014,NLD,Netherlands,908269130
2014,CUW,Curaçao,673611
2014,ABW,Aruba,565
2014,NCL,New Caledonia,624697
2014,VUT,Vanuatu,124834
2014,NZL,New Zealand,836036690
2014,NIC,Nicaragua,155336
2014,NER,Niger,174947
2014,NGA,Nigeria,3306300704
2014,NIU,Niue,3977
2014,NFK,Norfolk Isds,164521
2014,NOR,Norway,212955183
2014,MNP,N. Mariana Isds,0
2014,UMI,United States Minor Outlying Islands,146
2014,FSM,FS Micronesia,5986
2014,MHL,Marshall Isds,2961122
2014,PLW,Palau,0
2014,PAK,Pakistan,159389633
2014,PAN,Panama,39489379
2014,PNG,Papua New Guinea,47560728
2014,PRY,Paraguay,56223999
2014,PER,Peru,66786467
2014,PHL,Philippines,699736566
2014,POL,Poland,143765457
2014,PRT,Portugal,57351759
2014,TLS,Timor-Leste,244004
2014,QAT,Qatar,1626808465
2014,ROU,Romania,36786476
2014,RUS,Russian Federation,1589806150
2014,RWA,Rwanda,1346
2014,SHN,Saint Helena,21536
2014,KNA,Saint Kitts and Nevis,0
2014,AIA,Anguilla,4025858
2014,LCA,Saint Lucia,8165
2014,VCT,Saint Vincent and the Grenadines,0
2014,SMR,San Marino,0
2014,STP,Sao Tome and Principe,20342
2014,SAU,Saudi Arabia,6516224008
2014,SEN,Senegal,4183120
2014,SRB,Serbia,7434576
2014,SYC,Seychelles,2646252
2014,SLE,Sierra Leone,314912
2014,IND,India,3952081220
2014,SGP,Singapore,25186115317
2014,SVK,Slovakia,12481766
2014,VNM,Viet Nam,3417776777
2014,SVN,Slovenia,12286035
2014,SOM,Somalia,76680
2014,ZAF,South Africa,498496190
2014,ZWE,Zimbabwe,28648620
2014,ESP,Spain,517093069
2014,SDN,Sudan,743284
2014,SUR,Suriname,788
2014,SWZ,Eswatini,2280810
2014,SWE,Sweden,691053310
2014,CHE,Switzerland,628225459
2014,SYR,Syria,1333042
2014,TJK,Tajikistan,6902
2014,THA,Thailand,9781053021
2014,TGO,Togo,10153255
2014,TKL,Tokelau,34981
2014,TON,Tonga,3001
2014,TTO,Trinidad and Tobago,1259616
2014,ARE,United Arab Emirates,1754332424
2014,TUN,Tunisia,21696300
2014,TUR,Türkiye,1069207656
2014,TKM,Turkmenistan,288705
2014,TUV,Tuvalu,1878
2014,UGA,Uganda,10735987
2014,UKR,Ukraine,298808275
2014,MKD,North Macedonia,9149733
2014,EGY,Egypt,145933884
2014,GBR,United Kingdom,894760653
2014,TZA,United Rep. of Tanzania,19657819
2014,USA,USA,8188541791
2014,BFA,Burkina Faso,65680442
2014,URY,Uruguay,38144624
2014,UZB,Uzbekistan,4789861
2014,VEN,Venezuela,344413
2014,WSM,Samoa,2160170
2014,YEM,Yemen,1883648
2014,ZMB,Zambia,11860230
2014,_X ,Areas nes,0
2014,MNE,Montenegro,1665
2014,O19,Oceania nes,27102
2014,F19,Other Africa nes,9034
2014,GNB,Guinea-Bissau,62550
2014,ESH,Western Sahara,2640
2014,TCA,Turks and Caicos Isds,0
2014,WLF,Wallis and Futuna Isds,0
2014,BDI,Burundi,45392
2014,GIB,Gibraltar,86
2014,ATA,Antarctica,0
2014,PCN,Pitcairn,0
2014,ATF,Fr. South Antarctic Terr.,0
2014,HMD,Heard Island and McDonald Islands,0
2014,SXM,Sint Maarten,0
2014,BLM,Saint Barthélemy,0
2014,SSD,South Sudan,0
2014,BVT,Bouvet Island,0
2015,AFG,Afghanistan,248283
2015,ALB,Albania,180730
2015,DZA,Algeria,282771489
2015,ASM,American Samoa,4730485
2015,AND,Andorra,50098
2015,AGO,Angola,640309000
2015,ATG,Antigua and Barbuda,34333
2015,AZE,Azerbaijan,1284083821
2015,ARG,Argentina,1298349716
2015,AUS,Australia,4815794517
2015,AUT,Austria,316176425
2015,BHS,Bahamas,97814
2015,BHR,Bahrain,23442979
2015,BGD,Bangladesh,59470951
2015,ARM,Armenia,15495
2015,BRB,Barbados,25162
2015,BEL,Belgium,559364252
2015,BMU,Bermuda,1475148
2015,BTN,Bhutan,10196
2015,BOL,Bolivia (Plurinational State of),292644
2015,BIH,Bosnia Herzegovina,316871
2015,BWA,Botswana,296
2015,BRA,Brazil,2425426649
2015,BLZ,Belize,2329166
2015,IOT,Br. Indian Ocean Terr.,0
2015,SLB,Solomon Isds,4310218
2015,VGB,Br. Virgin Isds,17311400
2015,BRN,Brunei Darussalam,131437232
2015,BGR,Bulgaria,54518078
2015,MMR,Myanmar,160418362
2015,BLR,Belarus,210918949
2015,KHM,Cambodia,21127812
2015,CMR,Cameroon,26509841
2015,CAN,Canada,1609251588
2015,CPV,Cabo Verde,2969230
2015,CYM,Cayman Isds,51597
2015,CAF,Central African Rep.,6284320
2015,LKA,Sri Lanka,41281724
2015,TCD,Chad,367908
2015,CHL,Chile,173847935
2015,CHN,China,29411071328
2015,CXR,Christmas Isds,6937124
2015,CCK,Cocos Isds,3293558
2015,COL,Colombia,6046188
2015,COM,Comoros,60
2015,COG,Congo,126403102
2015,COD,Dem. Rep. of the Congo,236197696
2015,COK,Cook Isds,11979
2015,CRI,Costa Rica,2893783
2015,HRV,Croatia,17780791
2015,CUB,Cuba,1973191
2015,CYP,Cyprus,3048995
2015,CZE,Czechia,145392559
2015,BEN,Benin,32592820
2015,DNK,Denmark,201302936
2015,DMA,Dominica,171600
2015,DOM,Dominican Rep.,3683005
2015,ECU,Ecuador,22672929
2015,SLV,El Salvador,1726335
2015,GNQ,Equatorial Guinea,68503912
2015,ETH,Ethiopia,10962784
2015,ERI,Eritrea,1905
2015,EST,Estonia,3549324
2015,FRO,Faeroe Isds,115243
2015,FLK,Falkland Isds (Malvinas),0
2015,SGS,South Georgia and the South Sandwich Islands,1108
2015,FJI,Fiji,718724
2015,FIN,Finland,534092089
2015,FRA,France,1337703194
2015,PYF,French Polynesia,209557
2015,DJI,Djibouti,0
2015,GAB,Gabon,296326
2015,GEO,Georgia,6302545
2015,GMB,Gambia,5334
2015,PSE,State of Palestine,11840
2015,DEU,Germany,3471690503
2015,GHA,Ghana,22372242
2015,KIR,Kiribati,4400
2015,GRC,Greece,76426369
2015,GRL,Greenland,281049
2015,GRD,Grenada,0
2015,GUM,Guam,21666
2015,GTM,Guatemala,18831377
2015,GIN,Guinea,289049
2015,GUY,Guyana,194
2015,HTI,Haiti,288535
2015,VAT,Holy See (Vatican City State),10
2015,HND,Honduras,1345593
2015,HKG,China Hong Kong SAR,1817366992
2015,HUN,Hungary,62246591
2015,ISL,Iceland,517930
2015,IDN,Indonesia,117768130
2015,IRN,Iran,56588573
2015,IRQ,Iraq,243033
2015,IRL,Ireland,103340627
2015,ISR,Israel,77725325
2015,ITA,Italy,1368233793
2015,CIV,Côte d'Ivoire,122056084
2015,JAM,Jamaica,788793
2015,JPN,Japan,13263523220
2015,KAZ,Kazakhstan,13768652
2015,JOR,Jordan,160782400
2015,KEN,Kenya,12317151
2015,PRK,Dem. People's Rep. of Korea,2603176
2015,KOR,Rep. of Korea,8427205940
2015,KWT,Kuwait,738682907
2015,KGZ,Kyrgyzstan,784940
2015,LAO,Lao People's Dem. Rep.,809796
2015,LBN,Lebanon,3703495
2015,LSO,Lesotho,114536
2015,LVA,Latvia,4896995
2015,LBR,Liberia,15030103
2015,LBY,Libya,110141
2015,LTU,Lithuania,9564318
2015,LUX,Luxembourg,15852539
2015,MAC,China Macao SAR,9166603
2015,MDG,Madagascar,6826469
2015,MWI,Malawi,5213568
2015,MYS,Malaysia,8530667553
2015,MDV,Maldives,0
2015,MLI,Mali,43755262
2015,MLT,Malta,979535
2015,MRT,Mauritania,1637362
2015,MUS,Mauritius,1832618
2015,MEX,Mexico,197558524
2015,S19,Other Asia nes,3172095342
2015,MNG,Mongolia,838684
2015,MDA,Rep. of Moldova,18971797
2015,MSR,Montserrat,0
2015,MAR,Morocco,126934523
2015,MOZ,Mozambique,16453235
2015,OMN,Oman,144191243
2015,NAM,Namibia,7494933
2015,NRU,Nauru,30005
2015,NPL,Nepal,41314
2015,NLD,Netherlands,785230635
2015,CUW,Curaçao,2455343
2015,ABW,Aruba,0
2015,NCL,New Caledonia,354265
2015,VUT,Vanuatu,84614
2015,NZL,New Zealand,637009821
2015,NIC,Nicaragua,188853
2015,NER,Niger,12552
2015,NGA,Nigeria,1288155838
2015,NIU,Niue,0
2015,NFK,Norfolk Isds,32000
2015,NOR,Norway,226250922
2015,MNP,N. Mariana Isds,0
2015,UMI,United States Minor Outlying Islands,0
2015,FSM,FS Micronesia,1713140
2015,MHL,Marshall Isds,2193628
2015,PLW,Palau,0
2015,PAK,Pakistan,174512383
2015,PAN,Panama,44623591
2015,PNG,Papua New Guinea,19639578
2015,PRY,Paraguay,10557479
2015,PER,Peru,52723286
2015,PHL,Philippines,683083232
2015,POL,Poland,150373922
2015,PRT,Portugal,44349101
2015,TLS,Timor-Leste,525260
2015,QAT,Qatar,731809868
2015,ROU,Romania,25069535
2015,RUS,Russian Federation,992640440
2015,RWA,Rwanda,13143
2015,SHN,Saint Helena,321938
2015,KNA,Saint Kitts and Nevis,0
2015,AIA,Anguilla,1324552
2015,LCA,Saint Lucia,83870
2015,VCT,Saint Vincent and the Grenadines,888629
2015,SMR,San Marino,8673
2015,STP,Sao Tome and Principe,14887
2015,SAU,Saudi Arabia,3421631533
2015,SEN,Senegal,1731187
2015,SRB,Serbia,9119893
2015,SYC,Seychelles,5590559
2015,SLE,Sierra Leone,233371
2015,IND,India,2741418281
2015,SGP,Singapore,18022558666
2015,SVK,Slovakia,14780709
2015,VNM,Viet Nam,3161530523
2015,SVN,Slovenia,12790545
2015,SOM,Somalia,175254
2015,ZAF,South Africa,231940029
2015,ZWE,Zimbabwe,25331655
2015,ESP,Spain,472547243
2015,SDN,Sudan,344152
2015,SUR,Suriname,1739
2015,SWZ,Eswatini,1018763
2015,SWE,Sweden,691165985
2015,CHE,Switzerland,634401700
2015,SYR,Syria,1608549
2015,TJK,Tajikistan,2375
2015,THA,Thailand,8083368324
2015,TGO,Togo,16152039
2015,TKL,Tokelau,17037
2015,TON,Tonga,4249
2015,TTO,Trinidad and Tobago,473851
2015,ARE,United Arab Emirates,1356098749
2015,TUN,Tunisia,21206262
2015,TUR,Türkiye,249821102
2015,TKM,Turkmenistan,8368849
2015,TUV,Tuvalu,8674
2015,UGA,Uganda,10223218
2015,UKR,Ukraine,198448442
2015,MKD,North Macedonia,4697881
2015,EGY,Egypt,243252019
2015,GBR,United Kingdom,818897400
2015,TZA,United Rep. of Tanzania,21451366
2015,USA,USA,7616760788
2015,BFA,Burkina Faso,48966245
2015,URY,Uruguay,17056127
2015,UZB,Uzbekistan,7256031
2015,VEN,Venezuela,439105
2015,WSM,Samoa,1547412
2015,YEM,Yemen,573182
2015,ZMB,Zambia,9226887
2015,_X ,Areas nes,0
2015,MNE,Montenegro,167774
2015,O19,Oceania nes,0
2015,F19,Other Africa nes,0
2015,GNB,Guinea-Bissau,0
2015,ESH,Western Sahara,0
2015,TCA,Turks and Caicos Isds,2436
2015,WLF,Wallis and Futuna Isds,0
2015,BDI,Burundi,508
2015,GIB,Gibraltar,6227
2015,ATA,Antarctica,0
2015,PCN,Pitcairn,0
2015,ATF,Fr. South Antarctic Terr.,0
2015,HMD,Heard Island and McDonald Islands,0
2015,SXM,Sint Maarten,0
2015,BLM,Saint Barthélemy,0
2015,SSD,South Sudan,0
2015,BVT,Bouvet Island,0
2016,AFG,Afghanistan,31061
2016,ALB,Albania,218085
2016,DZA,Algeria,382214405
2016,ASM,American Samoa,2112889
2016,AND,Andorra,4134
2016,AGO,Angola,235159764
2016,ATG,Antigua and Barbuda,62862
2016,AZE,Azerbaijan,483052826
2016,ARG,Argentina,1373635778
2016,AUS,Australia,5260854764
2016,AUT,Austria,358605771
2016,BHS,Bahamas,5762
2016,BHR,Bahrain,61342833
2016,BGD,Bangladesh,68404276
2016,ARM,Armenia,7371
2016,BRB,Barbados,142596
2016,BEL,Belgium,491083864
2016,BMU,Bermuda,1767053
2016,BTN,Bhutan,3068
2016,BOL,Bolivia (Plurinational State of),300474
2016,BIH,Bosnia Herzegovina,436948
2016,BWA,Botswana,235
2016,BRA,Brazil,2402379953
2016,BLZ,Belize,2490768
2016,IOT,Br. Indian Ocean Terr.,0
2016,SLB,Solomon Isds,796689
2016,VGB,Br. Virgin Isds,5799771
2016,BRN,Brunei Darussalam,87726738
2016,BGR,Bulgaria,75273047
2016,MMR,Myanmar,113339640
2016,BLR,Belarus,163661531
2016,KHM,Cambodia,25317829
2016,CMR,Cameroon,65393861
2016,CAN,Canada,1383029909
2016,CPV,Cabo Verde,19100
2016,CYM,Cayman Isds,23185
2016,CAF,Central African Rep.,4059255
2016,LKA,Sri Lanka,44303205
2016,TCD,Chad,2164485
2016,CHL,Chile,83339009
2016,CHN,China,30800448755
2016,CXR,Christmas Isds,3342750
2016,CCK,Cocos Isds,4253
2016,COL,Colombia,8214307
2016,COM,Comoros,1702639
2016,COG,Congo,154076554
2016,COD,Dem. Rep. of the Congo,32113243
2016,COK,Cook Isds,477913
2016,CRI,Costa Rica,5671011
2016,HRV,Croatia,13789544
2016,CUB,Cuba,1786413
2016,CYP,Cyprus,12071366
2016,CZE,Czechia,158917492
2016,BEN,Benin,18750018
2016,DNK,Denmark,156627509
2016,DMA,Dominica,954900
2016,DOM,Dominican Rep.,10382390
2016,ECU,Ecuador,48275335
2016,SLV,El Salvador,24568311
2016,GNQ,Equatorial Guinea,87192272
2016,ETH,Ethiopia,23669429
2016,ERI,Eritrea,924
2016,EST,Estonia,7499818
2016,FRO,Faeroe Isds,166260
2016,FLK,Falkland Isds (Malvinas),0
2016,SGS,South Georgia and the South Sandwich Islands,0
2016,FJI,Fiji,1238742
2016,FIN,Finland,338589746
2016,FRA,France,1362378124
2016,PYF,French Polynesia,347868
2016,DJI,Djibouti,148525
2016,GAB,Gabon,88197093
2016,GEO,Georgia,270334
2016,GMB,Gambia,472
2016,PSE,State of Palestine,283970
2016,DEU,Germany,3159486086
2016,GHA,Ghana,7549225
2016,KIR,Kiribati,45367
2016,GRC,Greece,68753166
2016,GRL,Greenland,240962
2016,GRD,Grenada,750
2016,GUM,Guam,492
2016,GTM,Guatemala,19447731
2016,GIN,Guinea,887155
2016,GUY,Guyana,289648
2016,HTI,Haiti,164409
2016,VAT,Holy See (Vatican City State),0
2016,HND,Honduras,13468377
2016,HKG,China Hong Kong SAR,1773783713
2016,HUN,Hungary,61454287
2016,ISL,Iceland,1230568
2016,IDN,Indonesia,120311296
2016,IRN,Iran,103405066
2016,IRQ,Iraq,104513
2016,IRL,Ireland,110315954
2016,ISR,Israel,109939524
2016,ITA,Italy,1387204505
2016,CIV,Côte d'Ivoire,52607376
2016,JAM,Jamaica,456236
2016,JPN,Japan,12984774124
2016,KAZ,Kazakhstan,14946514
2016,JOR,Jordan,165841386
2016,KEN,Kenya,10019984
2016,PRK,Dem. People's Rep. of Korea,1391559
2016,KOR,Rep. of Korea,6674577343
2016,KWT,Kuwait,293118912
2016,KGZ,Kyrgyzstan,425448
2016,LAO,Lao People's Dem. Rep.,4197059
2016,LBN,Lebanon,1683785
2016,LSO,Lesotho,151849
2016,LVA,Latvia,19778191
2016,LBR,Liberia,4441176
2016,LBY,Libya,43244751
2016,LTU,Lithuania,13384606
2016,LUX,Luxembourg,38770016
2016,MAC,China Macao SAR,13840774
2016,MDG,Madagascar,54821851
2016,MWI,Malawi,7775225
2016,MYS,Malaysia,7200943798
2016,MDV,Maldives,114692
2016,MLI,Mali,26752847
2016,MLT,Malta,29214624
2016,MRT,Mauritania,530681
2016,MUS,Mauritius,991163
2016,MEX,Mexico,176954296
2016,S19,Other Asia nes,2889874467
2016,MNG,Mongolia,11779068
2016,MDA,Rep. of Moldova,13839232
2016,MSR,Montserrat,3061
2016,MAR,Morocco,62334039
2016,MOZ,Mozambique,9405200
2016,OMN,Oman,61386761
2016,NAM,Namibia,3333620
2016,NRU,Nauru,11690
2016,NPL,Nepal,80230
2016,NLD,Netherlands,723615622
2016,CUW,Curaçao,2014850
2016,ABW,Aruba,250
2016,NCL,New Caledonia,174494
2016,VUT,Vanuatu,590
2016,NZL,New Zealand,660904202
2016,NIC,Nicaragua,3802086
2016,NER,Niger,19312
2016,NGA,Nigeria,1287967205
2016,NIU,Niue,1208
2016,NFK,Norfolk Isds,164190
2016,NOR,Norway,333698620
2016,MNP,N. Mariana Isds,582973
2016,UMI,United States Minor Outlying Islands,591
2016,FSM,FS Micronesia,9768630
2016,MHL,Marshall Isds,15871187
2016,PLW,Palau,271
2016,PAK,Pakistan,157255828
2016,PAN,Panama,52309306
2016,PNG,Papua New Guinea,28788138
2016,PRY,Paraguay,62914885
2016,PER,Peru,59302713
2016,PHL,Philippines,821806229
2016,POL,Poland,143091397
2016,PRT,Portugal,35120895
2016,TLS,Timor-Leste,1496886
2016,QAT,Qatar,857449378
2016,ROU,Romania,42075851
2016,RUS,Russian Federation,850613451
2016,RWA,Rwanda,53906
2016,SHN,Saint Helena,16791
2016,KNA,Saint Kitts and Nevis,0
2016,AIA,Anguilla,78692
2016,LCA,Saint Lucia,54459
2016,VCT,Saint Vincent and the Grenadines,296502
2016,SMR,San Marino,78253
2016,STP,Sao Tome and Principe,174311
2016,SAU,Saudi Arabia,2725032569
2016,SEN,Senegal,9271855
2016,SRB,Serbia,25298245
2016,SYC,Seychelles,7109950
2016,SLE,Sierra Leone,412891
2016,IND,India,2872736721
2016,SGP,Singapore,14548298535
2016,SVK,Slovakia,17885939
2016,VNM,Viet Nam,3228402149
2016,SVN,Slovenia,13516521
2016,SOM,Somalia,0
2016,ZAF,South Africa,290806599
2016,ZWE,Zimbabwe,32206100
2016,ESP,Spain,484060870
2016,SDN,Sudan,1665986
2016,SUR,Suriname,0
2016,SWZ,Eswatini,1138735
2016,SWE,Sweden,526178474
2016,CHE,Switzerland,723751196
2016,SYR,Syria,1401950
2016,TJK,Tajikistan,5683
2016,THA,Thailand,8666933266
2016,TGO,Togo,10221124
2016,TKL,Tokelau,26308
2016,TON,Tonga,9
2016,TTO,Trinidad and Tobago,2851311
2016,ARE,United Arab Emirates,1316222642
2016,TUN,Tunisia,22752291
2016,TUR,Türkiye,311154336
2016,TKM,Turkmenistan,2231982
2016,TUV,Tuvalu,0
2016,UGA,Uganda,15727351
2016,UKR,Ukraine,562308424
2016,MKD,North Macedonia,1467446
2016,EGY,Egypt,352143528
2016,GBR,United Kingdom,893836776
2016,TZA,United Rep. of Tanzania,68895591
2016,USA,USA,7319183742
2016,BFA,Burkina Faso,28085320
2016,URY,Uruguay,25087803
2016,UZB,Uzbekistan,7310716
2016,VEN,Venezuela,265139
2016,WSM,Samoa,1090119
2016,YEM,Yemen,1038801
2016,ZMB,Zambia,16595085
2016,_X ,Areas nes,0
2016,MNE,Montenegro,17483
2016,O19,Oceania nes,0
2016,F19,Other Africa nes,0
2016,GNB,Guinea-Bissau,0
2016,ESH,Western Sahara,0
2016,TCA,Turks and Caicos Isds,343
2016,WLF,Wallis and Futuna Isds,0
2016,BDI,Burundi,0
2016,GIB,Gibraltar,0
2016,ATA,Antarctica,1913
2016,PCN,Pitcairn,2321
2016,ATF,Fr. South Antarctic Terr.,0
2016,HMD,Heard Island and McDonald Islands,0
2016,SXM,Sint Maarten,0
2016,BLM,Saint Barthélemy,0
2016,SSD,South Sudan,0
2016,BVT,Bouvet Island,0
2017,AFG,Afghanistan,28699
2017,ALB,Albania,146376
2017,DZA,Algeria,312834280
2017,ASM,American Samoa,6438331
2017,AND,Andorra,32738
2017,AGO,Angola,374616057
2017,ATG,Antigua and Barbuda,19896
2017,AZE,Azerbaijan,408383146
2017,ARG,Argentina,1157669931
2017,AUS,Australia,6008949217
2017,AUT,Austria,341991164
2017,BHS,Bahamas,9707
2017,BHR,Bahrain,158959804
2017,BGD,Bangladesh,73140347
2017,ARM,Armenia,111941
2017,BRB,Barbados,198837
2017,BEL,Belgium,637547474
2017,BMU,Bermuda,24599
2017,BTN,Bhutan,1163
2017,BOL,Bolivia (Plurinational State of),269957
2017,BIH,Bosnia Herzegovina,2663953
2017,BWA,Botswana,46
2017,BRA,Brazil,1958381184
2017,BLZ,Belize,3606053
2017,IOT,Br. Indian Ocean Terr.,5045
2017,SLB,Solomon Isds,555571
2017,VGB,Br. Virgin Isds,6050856
2017,BRN,Brunei Darussalam,42518982
2017,BGR,Bulgaria,57000316
2017,MMR,Myanmar,145723021
2017,BLR,Belarus,201788113
2017,KHM,Cambodia,28327220
2017,CMR,Cameroon,83115647
2017,CAN,Canada,1553625816
2017,CPV,Cabo Verde,55541
2017,CYM,Cayman Isds,3987
2017,CAF,Central African Rep.,2275223
2017,LKA,Sri Lanka,49142545
2017,TCD,Chad,3162778
2017,CHL,Chile,119896093
2017,CHN,China,35766807500
2017,CXR,Christmas Isds,582195
2017,CCK,Cocos Isds,59576
2017,COL,Colombia,16112108
2017,COM,Comoros,9619831
2017,COG,Congo,3863030
2017,COD,Dem. Rep. of the Congo,208130140
2017,COK,Cook Isds,531087
2017,CRI,Costa Rica,17638587
2017,HRV,Croatia,21109154
2017,CUB,Cuba,60869840
2017,CYP,Cyprus,4735313
2017,CZE,Czechia,164618582
2017,BEN,Benin,12229873
2017,DNK,Denmark,167515929
2017,DMA,Dominica,13847118
2017,DOM,Dominican Rep.,11175738
2017,ECU,Ecuador,90872222
2017,SLV,El Salvador,40311912
2017,GNQ,Equatorial Guinea,582
2017,ETH,Ethiopia,29781376
2017,ERI,Eritrea,349
2017,EST,Estonia,9063113
2017,FRO,Faeroe Isds,0
2017,FLK,Falkland Isds (Malvinas),44597
2017,SGS,South Georgia and the South Sandwich Islands,4006
2017,FJI,Fiji,611860
2017,FIN,Finland,609536347
2017,FRA,France,1587507847
2017,PYF,French Polynesia,99444
2017,DJI,Djibouti,188323
2017,GAB,Gabon,301481153
2017,GEO,Georgia,955182
2017,GMB,Gambia,5993
2017,PSE,State of Palestine,341030
2017,DEU,Germany,3538066755
2017,GHA,Ghana,13183544
2017,KIR,Kiribati,179
2017,GRC,Greece,99448656
2017,GRL,Greenland,2384
2017,GRD,Grenada,2662
2017,GUM,Guam,26148
2017,GTM,Guatemala,46283838
2017,GIN,Guinea,893355
2017,GUY,Guyana,3495
2017,HTI,Haiti,189526
2017,VAT,Holy See (Vatican City State),5069
2017,HND,Honduras,2495506
2017,HKG,China Hong Kong SAR,1837817788
2017,HUN,Hungary,68368341
2017,ISL,Iceland,1396643
2017,IDN,Indonesia,18140680
2017,IRN,Iran,360281066
2017,IRQ,Iraq,246610
2017,IRL,Ireland,124569042
2017,ISR,Israel,106959352
2017,ITA,Italy,1570287479
2017,CIV,Côte d'Ivoire,148935744
2017,JAM,Jamaica,3051400
2017,JPN,Japan,15240036557
2017,KAZ,Kazakhstan,37620913
2017,JOR,Jordan,188563537
2017,KEN,Kenya,13329926
2017,PRK,Dem. People's Rep. of Korea,1997192
2017,KOR,Rep. of Korea,8122335641
2017,KWT,Kuwait,319991609
2017,KGZ,Kyrgyzstan,240493
2017,LAO,Lao People's Dem. Rep.,11891215
2017,LBN,Lebanon,2274574
2017,LSO,Lesotho,177576
2017,LVA,Latvia,9803044
2017,LBR,Liberia,62614381
2017,LBY,Libya,103981676
2017,LTU,Lithuania,34428324
2017,LUX,Luxembourg,17724300
2017,MAC,China Macao SAR,11745344
2017,MDG,Madagascar,105231624
2017,MWI,Malawi,12385454
2017,MYS,Malaysia,8858197446
2017,MDV,Maldives,1499
2017,MLI,Mali,26877647
2017,MLT,Malta,6041199
2017,MRT,Mauritania,2620094
2017,MUS,Mauritius,7853667
2017,MEX,Mexico,219553059
2017,S19,Other Asia nes,3256222841
2017,MNG,Mongolia,9535379
2017,MDA,Rep. of Moldova,13546615
2017,MSR,Montserrat,13209
2017,MAR,Morocco,68814720
2017,MOZ,Mozambique,28070052
2017,OMN,Oman,260196969
2017,NAM,Namibia,2006419
2017,NRU,Nauru,93515
2017,NPL,Nepal,224207
2017,NLD,Netherlands,1026454088
2017,CUW,Curaçao,500342
2017,ABW,Aruba,2945
2017,NCL,New Caledonia,451083
2017,VUT,Vanuatu,8044
2017,NZL,New Zealand,751181754
2017,NIC,Nicaragua,296332
2017,NER,Niger,734739
2017,NGA,Nigeria,1289148632
2017,NIU,Niue,52566811
2017,NFK,Norfolk Isds,250000
2017,NOR,Norway,287700950
2017,MNP,N. Mariana Isds,0
2017,UMI,United States Minor Outlying Islands,0
2017,FSM,FS Micronesia,1274341
2017,MHL,Marshall Isds,60771795
2017,PLW,Palau,1322
2017,PAK,Pakistan,241096121
2017,PAN,Panama,26769903
2017,PNG,Papua New Guinea,27080911
2017,PRY,Paraguay,36649369
2017,PER,Peru,63200336
2017,PHL,Philippines,859298194
2017,POL,Poland,140670797
2017,PRT,Portugal,46896329
2017,TLS,Timor-Leste,1847452
2017,QAT,Qatar,841674857
2017,ROU,Romania,47026315
2017,RUS,Russian Federation,1302714423
2017,RWA,Rwanda,21216
2017,SHN,Saint Helena,98626
2017,KNA,Saint Kitts and Nevis,1175
2017,AIA,Anguilla,149187
2017,LCA,Saint Lucia,16232
2017,VCT,Saint Vincent and the Grenadines,3322020
2017,SMR,San Marino,172643
2017,STP,Sao Tome and Principe,318328
2017,SAU,Saudi Arabia,3167022124
2017,SEN,Senegal,3540232
2017,SRB,Serbia,16708997
2017,SYC,Seychelles,3182430
2017,SLE,Sierra Leone,113829
2017,IND,India,4048500734
2017,SGP,Singapore,16888495760
2017,SVK,Slovakia,26624543
2017,VNM,Viet Nam,3228760343
2017,SVN,Slovenia,13338492
2017,SOM,Somalia,0
2017,ZAF,South Africa,491501682
2017,ZWE,Zimbabwe,36238099
2017,ESP,Spain,496055939
2017,SDN,Sudan,48432879
2017,SUR,Suriname,25082
2017,SWZ,Eswatini,2645085
2017,SWE,Sweden,594670354
2017,CHE,Switzerland,809740837
2017,SYR,Syria,9487
2017,TJK,Tajikistan,7231
2017,THA,Thailand,9281606247
2017,TGO,Togo,10048402
2017,TKL,Tokelau,53952044
2017,TON,Tonga,1760
2017,TTO,Trinidad and Tobago,11258
2017,ARE,United Arab Emirates,2080212059
2017,TUN,Tunisia,32771943
2017,TUR,Türkiye,534065729
2017,TKM,Turkmenistan,935853
2017,TUV,Tuvalu,0
2017,UGA,Uganda,23472324
2017,UKR,Ukraine,539080940
2017,MKD,North Macedonia,5168855
2017,EGY,Egypt,252354006
2017,GBR,United Kingdom,1049985578
2017,TZA,United Rep. of Tanzania,26006579
2017,USA,USA,8150185485
2017,BFA,Burkina Faso,16056198
2017,URY,Uruguay,13263218
2017,UZB,Uzbekistan,28726569
2017,VEN,Venezuela,2488170
2017,WSM,Samoa,993890
2017,YEM,Yemen,1899658
2017,ZMB,Zambia,7506588
2017,_X ,Areas nes,0
2017,MNE,Montenegro,1113015
2017,O19,Oceania nes,0
2017,F19,Other Africa nes,0
2017,GNB,Guinea-Bissau,0
2017,ESH,Western Sahara,170
2017,TCA,Turks and Caicos Isds,444
2017,WLF,Wallis and Futuna Isds,0
2017,BDI,Burundi,119
2017,GIB,Gibraltar,0
2017,ATA,Antarctica,0
2017,PCN,Pitcairn,4317
2017,ATF,Fr. South Antarctic Terr.,10127
2017,HMD,Heard Island and McDonald Islands,1013325
2017,SXM,Sint Maarten,100
2017,BLM,Saint Barthélemy,110202
2017,SSD,South Sudan,54409
2017,BVT,Bouvet Island,0
2018,AFG,Afghanistan,489994
2018,ALB,Albania,310857
2018,DZA,Algeria,372027503
2018,ASM,American Samoa,35953955
2018,AND,Andorra,40189
2018,AGO,Angola,699183274
2018,ATG,Antigua and Barbuda,2872
2018,AZE,Azerbaijan,437135539
2018,ARG,Argentina,1441578408
2018,AUS,Australia,5825541411
2018,AUT,Austria,382016376
2018,BHS,Bahamas,46586
2018,BHR,Bahrain,69941656
2018,BGD,Bangladesh,89465440
2018,ARM,Armenia,457465
2018,BRB,Barbados,173748
2018,BEL,Belgium,603378447
2018,BMU,Bermuda,501
2018,BTN,Bhutan,9102
2018,BOL,Bolivia (Plurinational State of),1860849
2018,BIH,Bosnia Herzegovina,762247
2018,BWA,Botswana,41293
2018,BRA,Brazil,1802544367
2018,BLZ,Belize,873314
2018,IOT,Br. Indian Ocean Terr.,354
2018,SLB,Solomon Isds,2616960
2018,VGB,Br. Virgin Isds,2018028
2018,BRN,Brunei Darussalam,20097336
2018,BGR,Bulgaria,68761184
2018,MMR,Myanmar,151560511
2018,BLR,Belarus,217569683
2018,KHM,Cambodia,33022314
2018,CMR,Cameroon,71021753
2018,CAN,Canada,1840749446
2018,CPV,Cabo Verde,130123
2018,CYM,Cayman Isds,20497
2018,CAF,Central African Rep.,697406
2018,LKA,Sri Lanka,42945512
2018,TCD,Chad,2285012
2018,CHL,Chile,115105072
2018,CHN,China,45537814908
2018,CXR,Christmas Isds,4738817
2018,CCK,Cocos Isds,57412
2018,COL,Colombia,18026322
2018,COM,Comoros,3978669
2018,COG,Congo,6502573
2018,COD,Dem. Rep. of the Congo,183241234
2018,COK,Cook Isds,210479
2018,CRI,Costa Rica,3247210
2018,HRV,Croatia,39258658
2018,CUB,Cuba,995301
2018,CYP,Cyprus,9106722
2018,CZE,Czechia,151068251
2018,BEN,Benin,5218998
2018,DNK,Denmark,202469747
2018,DMA,Dominica,9419924
2018,DOM,Dominican Rep.,14731114
2018,ECU,Ecuador,150974462
2018,SLV,El Salvador,1100886
2018,GNQ,Equatorial Guinea,117625773
2018,ETH,Ethiopia,37438984
2018,ERI,Eritrea,0
2018,EST,Estonia,28517365
2018,FRO,Faeroe Isds,16753
2018,FLK,Falkland Isds (Malvinas),183587
2018,SGS,South Georgia and the South Sandwich Islands,1329
2018,FJI,Fiji,869023
2018,FIN,Finland,663312256
2018,FRA,France,1660980606
2018,PYF,French Polynesia,54216
2018,DJI,Djibouti,4231
2018,GAB,Gabon,120835392
2018,GEO,Georgia,675133
2018,GMB,Gambia,53992
2018,PSE,State of Palestine,727052
2018,DEU,Germany,3972966533
2018,GHA,Ghana,17915932
2018,KIR,Kiribati,144
2018,GRC,Greece,90748053
2018,GRL,Greenland,2406
2018,GRD,Grenada,53011
2018,GUM,Guam,7024
2018,GTM,Guatemala,865993
2018,GIN,Guinea,1515327
2018,GUY,Guyana,8186
2018,HTI,Haiti,283547
2018,VAT,Holy See (Vatican City State),34307
2018,HND,Honduras,2085495
2018,HKG,China Hong Kong SAR,2634565212
2018,HUN,Hungary,74672532
2018,ISL,Iceland,6607856
2018,IDN,Indonesia,35281106
2018,IRN,Iran,419062973
2018,IRQ,Iraq,149828
2018,IRL,Ireland,160250390
2018,ISR,Israel,46687007
2018,ITA,Italy,1840322418
2018,CIV,Côte d'Ivoire,135947733
2018,JAM,Jamaica,252456
2018,JPN,Japan,17976711408
2018,KAZ,Kazakhstan,26738635
2018,JOR,Jordan,190806178
2018,KEN,Kenya,15413383
2018,PRK,Dem. People's Rep. of Korea,931144
2018,KOR,Rep. of Korea,9088875758
2018,KWT,Kuwait,266617351
2018,KGZ,Kyrgyzstan,15747422
2018,LAO,Lao People's Dem. Rep.,25677551
2018,LBN,Lebanon,6371371
2018,LSO,Lesotho,657321
2018,LVA,Latvia,20147242
2018,LBR,Liberia,864435
2018,LBY,Libya,165349373
2018,LTU,Lithuania,30151913
2018,LUX,Luxembourg,21174620
2018,MAC,China Macao SAR,8789040
2018,MDG,Madagascar,87549190
2018,MWI,Malawi,14559344
2018,MYS,Malaysia,8602839083
2018,MDV,Maldives,1219944
2018,MLI,Mali,10114922
2018,MLT,Malta,4962418
2018,MRT,Mauritania,709065
2018,MUS,Mauritius,4106761
2018,MEX,Mexico,287319726
2018,S19,Other Asia nes,3556423721
2018,MNG,Mongolia,6814617
2018,MDA,Rep. of Moldova,13769406
2018,MSR,Montserrat,1098
2018,MAR,Morocco,90803563
2018,MOZ,Mozambique,30501383
2018,OMN,Oman,348943081
2018,NAM,Namibia,12884053
2018,NRU,Nauru,109096
2018,NPL,Nepal,213405
2018,NLD,Netherlands,1239253474
2018,CUW,Curaçao,202842
2018,ABW,Aruba,17271
2018,NCL,New Caledonia,892618
2018,VUT,Vanuatu,736140
2018,NZL,New Zealand,808441791
2018,NIC,Nicaragua,476718
2018,NER,Niger,257046
2018,NGA,Nigeria,2527457033
2018,NIU,Niue,129206010
2018,NFK,Norfolk Isds,21509
2018,NOR,Norway,181908642
2018,MNP,N. Mariana Isds,24927
2018,UMI,United States Minor Outlying Islands,802
2018,FSM,FS Micronesia,0
2018,MHL,Marshall Isds,57086917
2018,PLW,Palau,27955
2018,PAK,Pakistan,641422982
2018,PAN,Panama,45433326
2018,PNG,Papua New Guinea,43455728
2018,PRY,Paraguay,91618076
2018,PER,Peru,56458847
2018,PHL,Philippines,958432327
2018,POL,Poland,178295044
2018,PRT,Portugal,40862635
2018,TLS,Timor-Leste,3699060
2018,QAT,Qatar,1411275498
2018,ROU,Romania,37408585
2018,RUS,Russian Federation,1551117789
2018,RWA,Rwanda,125470
2018,SHN,Saint Helena,82235
2018,KNA,Saint Kitts and Nevis,984
2018,AIA,Anguilla,906424
2018,LCA,Saint Lucia,6555
2018,VCT,Saint Vincent and the Grenadines,179061
2018,SMR,San Marino,27010
2018,STP,Sao Tome and Principe,14945
2018,SAU,Saudi Arabia,4910728137
2018,SEN,Senegal,2256094
2018,SRB,Serbia,37312364
2018,SYC,Seychelles,9994448
2018,SLE,Sierra Leone,1082814
2018,IND,India,5016912125
2018,SGP,Singapore,21439514466
2018,SVK,Slovakia,19089150
2018,VNM,Viet Nam,3794629974
2018,SVN,Slovenia,17275146
2018,SOM,Somalia,503
2018,ZAF,South Africa,1068594749
2018,ZWE,Zimbabwe,147040656
2018,ESP,Spain,681524197
2018,SDN,Sudan,242017341
2018,SUR,Suriname,241335
2018,SWZ,Eswatini,2225418
2018,SWE,Sweden,705130659
2018,CHE,Switzerland,876217746
2018,SYR,Syria,175240
2018,TJK,Tajikistan,15710
2018,THA,Thailand,10952798159
2018,TGO,Togo,13204706
2018,TKL,Tokelau,1507573
2018,TON,Tonga,137
2018,TTO,Trinidad and Tobago,57938
2018,ARE,United Arab Emirates,1862004716
2018,TUN,Tunisia,29182930
2018,TUR,Türkiye,611524685
2018,TKM,Turkmenistan,475728
2018,TUV,Tuvalu,771
2018,UGA,Uganda,13593932
2018,UKR,Ukraine,822834549
2018,MKD,North Macedonia,7023566
2018,EGY,Egypt,139746794
2018,GBR,United Kingdom,1212545291
2018,TZA,United Rep. of Tanzania,71541364
2018,USA,USA,10212388449
2018,BFA,Burkina Faso,16246892
2018,URY,Uruguay,9169782
2018,UZB,Uzbekistan,55835326
2018,VEN,Venezuela,10471498
2018,WSM,Samoa,1088208
2018,YEM,Yemen,794540
2018,ZMB,Zambia,2371796
2018,_X ,Areas nes,0
2018,MNE,Montenegro,3846361
2018,O19,Oceania nes,0
2018,F19,Other Africa nes,0
2018,GNB,Guinea-Bissau,0
2018,ESH,Western Sahara,0
2018,TCA,Turks and Caicos Isds,347
2018,WLF,Wallis and Futuna Isds,0
2018,BDI,Burundi,7931
2018,GIB,Gibraltar,2276
2018,ATA,Antarctica,974110
2018,PCN,Pitcairn,35
2018,ATF,Fr. South Antarctic Terr.,0
2018,HMD,Heard Island and McDonald Islands,1193
2018,SXM,Sint Maarten,0
2018,BLM,Saint Barthélemy,64247
2018,SSD,South Sudan,5787
2018,BVT,Bouvet Island,0
2019,AFG,Afghanistan,204341
2019,ALB,Albania,468169
2019,DZA,Algeria,259236805
2019,ASM,American Samoa,676234
2019,AND,Andorra,47939
2019,AGO,Angola,89758320
2019,ATG,Antigua and Barbuda,1288
2019,AZE,Azerbaijan,12336
2019,ARG,Argentina,1818251456
2019,AUS,Australia,5515308742
2019,AUT,Austria,255154940
2019,BHS,Bahamas,168555
2019,BHR,Bahrain,178941951
2019,BGD,Bangladesh,96117544
2019,ARM,Armenia,42550
2019,BRB,Barbados,184148
2019,BEL,Belgium,633560740
2019,BMU,Bermuda,635
2019,BTN,Bhutan,3182
2019,BOL,Bolivia (Plurinational State of),2565425
2019,BIH,Bosnia Herzegovina,956611
2019,BWA,Botswana,59233
2019,BRA,Brazil,1940387546
2019,BLZ,Belize,101827
2019,IOT,Br. Indian Ocean Terr.,40657
2019,SLB,Solomon Isds,2624936
2019,VGB,Br. Virgin Isds,9284099
2019,BRN,Brunei Darussalam,30551949
2019,BGR,Bulgaria,97809409
2019,MMR,Myanmar,182678864
2019,BLR,Belarus,207157483
2019,KHM,Cambodia,42594713
2019,CMR,Cameroon,77712289
2019,CAN,Canada,1838716925
2019,CPV,Cabo Verde,21475
2019,CYM,Cayman Isds,57468
2019,CAF,Central African Rep.,511300
2019,LKA,Sri Lanka,40269633
2019,TCD,Chad,49729
2019,CHL,Chile,149101295
2019,CHN,China,44930598575
2019,CXR,Christmas Isds,3549359
2019,CCK,Cocos Isds,26348
2019,COL,Colombia,12784767
2019,COM,Comoros,160934
2019,COG,Congo,8809024
2019,COD,Dem. Rep. of the Congo,6364725
2019,COK,Cook Isds,262220
2019,CRI,Costa Rica,3635717
2019,HRV,Croatia,8078888
2019,CUB,Cuba,434462
2019,CYP,Cyprus,52891405
2019,CZE,Czechia,191519118
2019,BEN,Benin,5511111
2019,DNK,Denmark,204770700
2019,DMA,Dominica,16333
2019,DOM,Dominican Rep.,28615130
2019,ECU,Ecuador,165038447
2019,SLV,El Salvador,880320
2019,GNQ,Equatorial Guinea,28713751
2019,ETH,Ethiopia,28114082
2019,ERI,Eritrea,1927
2019,EST,Estonia,24401555
2019,FRO,Faeroe Isds,13759
2019,FLK,Falkland Isds (Malvinas),1814
2019,SGS,South Georgia and the South Sandwich Islands,3153
2019,FJI,Fiji,906259
2019,FIN,Finland,506785256
2019,FRA,France,1434201527
2019,PYF,French Polynesia,49179
2019,DJI,Djibouti,140330
2019,GAB,Gabon,1916562
2019,GEO,Georgia,5570793
2019,GMB,Gambia,44522
2019,PSE,State of Palestine,1350043
2019,DEU,Germany,3476535204
2019,GHA,Ghana,64720497
2019,KIR,Kiribati,1035873
2019,GRC,Greece,100385803
2019,GRL,Greenland,318681
2019,GRD,Grenada,1518
2019,GUM,Guam,184
2019,GTM,Guatemala,1190524
2019,GIN,Guinea,1333391
2019,GUY,Guyana,31744
2019,HTI,Haiti,323027
2019,VAT,Holy See (Vatican City State),21105
2019,HND,Honduras,1432556
2019,HKG,China Hong Kong SAR,3226004248
2019,HUN,Hungary,99497777
2019,ISL,Iceland,7318972
2019,IDN,Indonesia,96644160
2019,IRN,Iran,23508343
2019,IRQ,Iraq,156110
2019,IRL,Ireland,149323751
2019,ISR,Israel,25335064
2019,ITA,Italy,1776576341
2019,CIV,Côte d'Ivoire,146111944
2019,JAM,Jamaica,194631
2019,JPN,Japan,15661831471
2019,KAZ,Kazakhstan,141804812
2019,JOR,Jordan,176939311
2019,KEN,Kenya,25288065
2019,PRK,Dem. People's Rep. of Korea,3063015
2019,KOR,Rep. of Korea,8421259397
2019,KWT,Kuwait,308282566
2019,KGZ,Kyrgyzstan,95548
2019,LAO,Lao People's Dem. Rep.,31121724
2019,LBN,Lebanon,2794296
2019,LSO,Lesotho,411046
2019,LVA,Latvia,31420504
2019,LBR,Liberia,16808122
2019,LBY,Libya,172649
2019,LTU,Lithuania,46315522
2019,LUX,Luxembourg,14879145
2019,MAC,China Macao SAR,4745158
2019,MDG,Madagascar,32783255
2019,MWI,Malawi,4991312
2019,MYS,Malaysia,7775273501
2019,MDV,Maldives,65637
2019,MLI,Mali,12088908
2019,MLT,Malta,10814539
2019,MRT,Mauritania,137664
2019,MUS,Mauritius,4218686
2019,MEX,Mexico,265713898
2019,S19,Other Asia nes,3721087357
2019,MNG,Mongolia,2320
2019,MDA,Rep. of Moldova,32469406
2019,MSR,Montserrat,29049
2019,MAR,Morocco,86142039
2019,MOZ,Mozambique,19612677
2019,OMN,Oman,460154923
2019,NAM,Namibia,9187062
2019,NRU,Nauru,16472
2019,NPL,Nepal,161288
2019,NLD,Netherlands,832011918
2019,CUW,Curaçao,616944
2019,ABW,Aruba,74302
2019,NCL,New Caledonia,152488
2019,VUT,Vanuatu,671835
2019,NZL,New Zealand,763597714
2019,NIC,Nicaragua,196977
2019,NER,Niger,87384
2019,NGA,Nigeria,1917849954
2019,NIU,Niue,58750571
2019,NFK,Norfolk Isds,73155
2019,NOR,Norway,198525614
2019,MNP,N. Mariana Isds,113
2019,UMI,United States Minor Outlying Islands,38518
2019,FSM,FS Micronesia,3902940
2019,MHL,Marshall Isds,118090361
2019,PLW,Palau,8542
2019,PAK,Pakistan,377959046
2019,PAN,Panama,29179800
2019,PNG,Papua New Guinea,59362022
2019,PRY,Paraguay,28117068
2019,PER,Peru,68527776
2019,PHL,Philippines,821897119
2019,POL,Poland,224809763
2019,PRT,Portugal,45237277
2019,TLS,Timor-Leste,6593640
2019,QAT,Qatar,947286625
2019,ROU,Romania,24208170
2019,RUS,Russian Federation,1204459341
2019,RWA,Rwanda,103686
2019,SHN,Saint Helena,8494
2019,KNA,Saint Kitts and Nevis,1497
2019,AIA,Anguilla,217412
2019,LCA,Saint Lucia,12986
2019,VCT,Saint Vincent and the Grenadines,439251
2019,SMR,San Marino,158209
2019,STP,Sao Tome and Principe,1330
2019,SAU,Saudi Arabia,3567725048
2019,SEN,Senegal,2904246
2019,SRB,Serbia,11008294
2019,SYC,Seychelles,18456318
2019,SLE,Sierra Leone,1616621
2019,IND,India,4295692201
2019,SGP,Singapore,17589850198
2019,SVK,Slovakia,22360344
2019,VNM,Viet Nam,3848195857
2019,SVN,Slovenia,21501559
2019,SOM,Somalia,2216
2019,ZAF,South Africa,815882596
2019,ZWE,Zimbabwe,67639243
2019,ESP,Spain,614575505
2019,SDN,Sudan,110842921
2019,SUR,Suriname,905816
2019,SWZ,Eswatini,3476643
2019,SWE,Sweden,562521020
2019,CHE,Switzerland,696269725
2019,SYR,Syria,7587
2019,TJK,Tajikistan,28413
2019,THA,Thailand,9469093161
2019,TGO,Togo,5406432
2019,TKL,Tokelau,672137
2019,TON,Tonga,100
2019,TTO,Trinidad and Tobago,1004497
2019,ARE,United Arab Emirates,2183652309
2019,TUN,Tunisia,27480934
2019,TUR,Türkiye,342230885
2019,TKM,Turkmenistan,57581
2019,TUV,Tuvalu,7500000
2019,UGA,Uganda,4674659
2019,UKR,Ukraine,1008186629
2019,MKD,North Macedonia,2760869
2019,EGY,Egypt,135381071
2019,GBR,United Kingdom,1048654604
2019,TZA,United Rep. of Tanzania,18314084
2019,USA,USA,9319161007
2019,BFA,Burkina Faso,8486111
2019,URY,Uruguay,20096132
2019,UZB,Uzbekistan,22503662
2019,VEN,Venezuela,6004749
2019,WSM,Samoa,2875938
2019,YEM,Yemen,1370083
2019,ZMB,Zambia,7005022
2019,_X ,Areas nes,0
2019,MNE,Montenegro,345557
2019,O19,Oceania nes,0
2019,F19,Other Africa nes,0
2019,GNB,Guinea-Bissau,0
2019,ESH,Western Sahara,0
2019,TCA,Turks and Caicos Isds,701
2019,WLF,Wallis and Futuna Isds,0
2019,BDI,Burundi,2788
2019,GIB,Gibraltar,542
2019,ATA,Antarctica,23512
2019,PCN,Pitcairn,3282
2019,ATF,Fr. South Antarctic Terr.,446
2019,HMD,Heard Island and McDonald Islands,0
2019,SXM,Sint Maarten,0
2019,BLM,Saint Barthélemy,327290
2019,SSD,South Sudan,1069
2019,BVT,Bouvet Island,0
2020,AFG,Afghanistan,486536
2020,ALB,Albania,122301
2020,DZA,Algeria,182963188
2020,ASM,American Samoa,591388
2020,AND,Andorra,22907
2020,AGO,Angola,29387939
2020,ATG,Antigua and Barbuda,376
2020,AZE,Azerbaijan,497430
2020,ARG,Argentina,1747801029
2020,AUS,Australia,4646556118
2020,AUT,Austria,289083826
2020,BHS,Bahamas,4915191
2020,BHR,Bahrain,132050461
2020,BGD,Bangladesh,76635158
2020,ARM,Armenia,874713
2020,BRB,Barbados,81790
2020,BEL,Belgium,526048064
2020,BMU,Bermuda,562
2020,BTN,Bhutan,3776
2020,BOL,Bolivia (Plurinational State of),2383571
2020,BIH,Bosnia Herzegovina,994955
2020,BWA,Botswana,18776
2020,BRA,Brazil,2560823518
2020,BLZ,Belize,89112
2020,IOT,Br. Indian Ocean Terr.,1911
2020,SLB,Solomon Isds,259955
2020,VGB,Br. Virgin Isds,1168008
2020,BRN,Brunei Darussalam,75338073
2020,BGR,Bulgaria,62158327
2020,MMR,Myanmar,187248822
2020,BLR,Belarus,158169093
2020,KHM,Cambodia,47355643
2020,CMR,Cameroon,33488039
2020,CAN,Canada,1615455845
2020,CPV,Cabo Verde,57315
2020,CYM,Cayman Isds,41506
2020,CAF,Central African Rep.,75937
2020,LKA,Sri Lanka,26626379
2020,TCD,Chad,2809826
2020,CHL,Chile,108901941
2020,CHN,China,39634699181
2020,CXR,Christmas Isds,3175707
2020,CCK,Cocos Isds,595
2020,COL,Colombia,8779217
2020,COM,Comoros,226
2020,COG,Congo,1408194
2020,COD,Dem. Rep. of the Congo,10795030
2020,COK,Cook Isds,321274
2020,CRI,Costa Rica,5469828
2020,HRV,Croatia,9202651
2020,CUB,Cuba,777762
2020,CYP,Cyprus,42727418
2020,CZE,Czechia,268891329
2020,BEN,Benin,920792
2020,DNK,Denmark,161596701
2020,DMA,Dominica,12745
2020,DOM,Dominican Rep.,20426746
2020,ECU,Ecuador,202775935
2020,SLV,El Salvador,1047997
2020,GNQ,Equatorial Guinea,43106912
2020,ETH,Ethiopia,24508591
2020,ERI,Eritrea,112
2020,EST,Estonia,20421528
2020,FRO,Faeroe Isds,329
2020,FLK,Falkland Isds (Malvinas),47981
2020,SGS,South Georgia and the South Sandwich Islands,38537
2020,FJI,Fiji,608313
2020,FIN,Finland,334330307
2020,FRA,France,1360064760
2020,PYF,French Polynesia,2570
2020,DJI,Djibouti,1078978
2020,GAB,Gabon,15457117
2020,GEO,Georgia,4470343
2020,GMB,Gambia,5849
2020,PSE,State of Palestine,1664768
2020,DEU,Germany,3023873228
2020,GHA,Ghana,19155670
2020,KIR,Kiribati,118677
2020,GRC,Greece,59664706
2020,GRL,Greenland,86431
2020,GRD,Grenada,54582
2020,GUM,Guam,72
2020,GTM,Guatemala,15032710
2020,GIN,Guinea,494036
2020,GUY,Guyana,47351
2020,HTI,Haiti,100820
2020,VAT,Holy See (Vatican City State),11588
2020,HND,Honduras,591395
2020,HKG,China Hong Kong SAR,2747177889
2020,HUN,Hungary,131187190
2020,ISL,Iceland,3100574
2020,IDN,Indonesia,47472333
2020,IRN,Iran,17716493
2020,IRQ,Iraq,24289587
2020,IRL,Ireland,133533057
2020,ISR,Israel,56537086
2020,ITA,Italy,1556764805
2020,CIV,Côte d'Ivoire,153068741
2020,JAM,Jamaica,14995
2020,JPN,Japan,10672054176
2020,KAZ,Kazakhstan,130082052
2020,JOR,Jordan,167328242
2020,KEN,Kenya,26652326
2020,PRK,Dem. People's Rep. of Korea,770403
2020,KOR,Rep. of Korea,6849367950
2020,KWT,Kuwait,291856164
2020,KGZ,Kyrgyzstan,237548
2020,LAO,Lao People's Dem. Rep.,42265994
2020,LBN,Lebanon,1908649
2020,LSO,Lesotho,229603
2020,LVA,Latvia,22162196
2020,LBR,Liberia,34771031
2020,LBY,Libya,709906
2020,LTU,Lithuania,28264100
2020,LUX,Luxembourg,16989454
2020,MAC,China Macao SAR,9196774
2020,MDG,Madagascar,25966365
2020,MWI,Malawi,8077566
2020,MYS,Malaysia,6933018937
2020,MDV,Maldives,529255
2020,MLI,Mali,3146634
2020,MLT,Malta,956802
2020,MRT,Mauritania,1978125
2020,MUS,Mauritius,3265675
2020,MEX,Mexico,269457515
2020,S19,Other Asia nes,3572030834
2020,MNG,Mongolia,1123379
2020,MDA,Rep. of Moldova,15264755
2020,MSR,Montserrat,3486
2020,MAR,Morocco,57612904
2020,MOZ,Mozambique,10341625
2020,OMN,Oman,341628574
2020,NAM,Namibia,5281150
2020,NRU,Nauru,30377
2020,NPL,Nepal,184071
2020,NLD,Netherlands,804329612
2020,CUW,Curaçao,33556
2020,ABW,Aruba,41600
2020,NCL,New Caledonia,17158
2020,VUT,Vanuatu,14225301
2020,NZL,New Zealand,757010817
2020,NIC,Nicaragua,115586
2020,NER,Niger,67218
2020,NGA,Nigeria,830728374
2020,NIU,Niue,77317519
2020,NFK,Norfolk Isds,27190
2020,NOR,Norway,177584693
2020,MNP,N. Mariana Isds,44
2020,UMI,United States Minor Outlying Islands,966878
2020,FSM,FS Micronesia,0
2020,MHL,Marshall Isds,51963997
2020,PLW,Palau,87055
2020,PAK,Pakistan,194939625
2020,PAN,Panama,33834646
2020,PNG,Papua New Guinea,33370449
2020,PRY,Paraguay,16817287
2020,PER,Peru,76041063
2020,PHL,Philippines,592009526
2020,POL,Poland,285313405
2020,PRT,Portugal,65822808
2020,TLS,Timor-Leste,2468862
2020,QAT,Qatar,710781462
2020,ROU,Romania,44442892
2020,RUS,Russian Federation,957885365
2020,RWA,Rwanda,65999
2020,SHN,Saint Helena,96045
2020,KNA,Saint Kitts and Nevis,2336
2020,AIA,Anguilla,376210
2020,LCA,Saint Lucia,1405
2020,VCT,Saint Vincent and the Grenadines,846457
2020,SMR,San Marino,368427
2020,STP,Sao Tome and Principe,11781
2020,SAU,Saudi Arabia,2613491118
2020,SEN,Senegal,6474909
2020,SRB,Serbia,16523909
2020,SYC,Seychelles,25205472
2020,SLE,Sierra Leone,3105768
2020,IND,India,3764304622
2020,SGP,Singapore,12341231341
2020,SVK,Slovakia,18798850
2020,VNM,Viet Nam,3130605755
2020,SVN,Slovenia,27877410
2020,SOM,Somalia,30017
2020,ZAF,South Africa,688881483
2020,ZWE,Zimbabwe,57576494
2020,ESP,Spain,456830996
2020,SDN,Sudan,67535631
2020,SUR,Suriname,218511
2020,SWZ,Eswatini,1598881
2020,SWE,Sweden,435115120
2020,CHE,Switzerland,701844792
2020,SYR,Syria,417501
2020,TJK,Tajikistan,3572
2020,THA,Thailand,6483756697
2020,TGO,Togo,566046
2020,TKL,Tokelau,23760
2020,TON,Tonga,108437
2020,TTO,Trinidad and Tobago,11106
2020,ARE,United Arab Emirates,1682991995
2020,TUN,Tunisia,31051456
2020,TUR,Türkiye,274169783
2020,TKM,Turkmenistan,3479
2020,TUV,Tuvalu,0
2020,UGA,Uganda,5035242
2020,UKR,Ukraine,963063904
2020,MKD,North Macedonia,6071503
2020,EGY,Egypt,128299183
2020,GBR,United Kingdom,959024443
2020,TZA,United Rep. of Tanzania,16704561
2020,USA,USA,8641916207
2020,BFA,Burkina Faso,1083072
2020,URY,Uruguay,10727178
2020,UZB,Uzbekistan,18802469
2020,VEN,Venezuela,11447777
2020,WSM,Samoa,4927698
2020,YEM,Yemen,1864079
2020,ZMB,Zambia,3998382
2020,_X ,Areas nes,0
2020,MNE,Montenegro,66635
2020,O19,Oceania nes,0
2020,F19,Other Africa nes,0
2020,GNB,Guinea-Bissau,41
2020,ESH,Western Sahara,0
2020,TCA,Turks and Caicos Isds,619
2020,WLF,Wallis and Futuna Isds,181
2020,BDI,Burundi,22700
2020,GIB,Gibraltar,1214
2020,ATA,Antarctica,993
2020,PCN,Pitcairn,278
2020,ATF,Fr. South Antarctic Terr.,0
2020,HMD,Heard Island and McDonald Islands,128
2020,SXM,Sint Maarten,0
2020,BLM,Saint Barthélemy,70868
2020,SSD,South Sudan,80
2020,BVT,Bouvet Island,0
2021,AFG,Afghanistan,208770
2021,ALB,Albania,5297133
2021,DZA,Algeria,300260654
2021,ASM,American Samoa,436043
2021,AND,Andorra,124577
2021,AGO,Angola,463466072
2021,ATG,Antigua and Barbuda,827475
2021,AZE,Azerbaijan,227708959
2021,ARG,Argentina,2039144085
2021,AUS,Australia,9425007794
2021,AUT,Austria,357597024
2021,BHS,Bahamas,4506
2021,BHR,Bahrain,223139708
2021,BGD,Bangladesh,108170022
2021,ARM,Armenia,952908
2021,BRB,Barbados,259337
2021,BEL,Belgium,767751019
2021,BMU,Bermuda,110
2021,BTN,Bhutan,379
2021,BOL,Bolivia (Plurinational State of),8881695
2021,BIH,Bosnia Herzegovina,1154980
2021,BWA,Botswana,124662
2021,BRA,Brazil,2621511394
2021,BLZ,Belize,77172
2021,IOT,Br. Indian Ocean Terr.,18454
2021,SLB,Solomon Isds,1464813
2021,VGB,Br. Virgin Isds,8137327
2021,BRN,Brunei Darussalam,162844243
2021,BGR,Bulgaria,89254905
2021,MMR,Myanmar,165906473
2021,BLR,Belarus,282268996
2021,KHM,Cambodia,49256299
2021,CMR,Cameroon,36969959
2021,CAN,Canada,2053964077
2021,CPV,Cabo Verde,99962
2021,CYM,Cayman Isds,170
2021,CAF,Central African Rep.,169393
2021,LKA,Sri Lanka,53345704
2021,TCD,Chad,2170566
2021,CHL,Chile,165209184
2021,CHN,China,56227202302
2021,CXR,Christmas Isds,1001880
2021,CCK,Cocos Isds,219317
2021,COL,Colombia,36871114
2021,COM,Comoros,212
2021,COG,Congo,87793636
2021,COD,Dem. Rep. of the Congo,47632492
2021,COK,Cook Isds,540944
2021,CRI,Costa Rica,7466802
2021,HRV,Croatia,7545588
2021,CUB,Cuba,788733
2021,CYP,Cyprus,18884719
2021,CZE,Czechia,139422086
2021,BEN,Benin,12294660
2021,DNK,Denmark,205329409
2021,DMA,Dominica,25062
2021,DOM,Dominican Rep.,26203807
2021,ECU,Ecuador,165849715
2021,SLV,El Salvador,1548792
2021,GNQ,Equatorial Guinea,149203016
2021,ETH,Ethiopia,25666059
2021,ERI,Eritrea,12314
2021,EST,Estonia,58602891
2021,FRO,Faeroe Isds,16179
2021,FLK,Falkland Isds (Malvinas),0
2021,SGS,South Georgia and the South Sandwich Islands,166022
2021,FJI,Fiji,597998
2021,FIN,Finland,390366597
2021,FRA,France,1276976828
2021,PYF,French Polynesia,3649
2021,DJI,Djibouti,14130
2021,GAB,Gabon,312705177
2021,GEO,Georgia,425590
2021,GMB,Gambia,10566
2021,PSE,State of Palestine,1172764
2021,DEU,Germany,3187612682
2021,GHA,Ghana,49290464
2021,KIR,Kiribati,11602972
2021,GRC,Greece,64430254
2021,GRL,Greenland,139968
2021,GRD,Grenada,0
2021,GUM,Guam,0
2021,GTM,Guatemala,940222
2021,GIN,Guinea,4850539
2021,GUY,Guyana,1947
2021,HTI,Haiti,139597
2021,VAT,Holy See (Vatican City State),407
2021,HND,Honduras,482549
2021,HKG,China Hong Kong SAR,2878461045
2021,HUN,Hungary,105006882
2021,ISL,Iceland,7793628
2021,IDN,Indonesia,59310111
2021,IRN,Iran,21631431
2021,IRQ,Iraq,98341
2021,IRL,Ireland,136601936
2021,ISR,Israel,26504280
2021,ITA,Italy,1728255774
2021,CIV,Côte d'Ivoire,236546665
2021,JAM,Jamaica,21262
2021,JPN,Japan,14644286874
2021,KAZ,Kazakhstan,277896508
2021,JOR,Jordan,218952778
2021,KEN,Kenya,19420399
2021,PRK,Dem. People's Rep. of Korea,408674
2021,KOR,Rep. of Korea,9427193748
2021,KWT,Kuwait,266791464
2021,KGZ,Kyrgyzstan,1396218
2021,LAO,Lao People's Dem. Rep.,37967253
2021,LBN,Lebanon,1662870
2021,LSO,Lesotho,3479
2021,LVA,Latvia,21562349
2021,LBR,Liberia,3171201
2021,LBY,Libya,10482641
2021,LTU,Lithuania,28886162
2021,LUX,Luxembourg,21962472
2021,MAC,China Macao SAR,8923038
2021,MDG,Madagascar,45462017
2021,MWI,Malawi,7240015
2021,MYS,Malaysia,9451030469
2021,MDV,Maldives,615810
2021,MLI,Mali,20326650
2021,MLT,Malta,90384121
2021,MRT,Mauritania,455633
2021,MUS,Mauritius,3186573
2021,MEX,Mexico,307311377
2021,S19,Other Asia nes,4349974910
2021,MNG,Mongolia,2097946
2021,MDA,Rep. of Moldova,20386040
2021,MSR,Montserrat,4831
2021,MAR,Morocco,91456963
2021,MOZ,Mozambique,10853070
2021,OMN,Oman,597658981
2021,NAM,Namibia,1769564
2021,NRU,Nauru,25364
2021,NPL,Nepal,376377
2021,NLD,Netherlands,846118679
2021,CUW,Curaçao,1857338
2021,ABW,Aruba,0
2021,NCL,New Caledonia,80395
2021,VUT,Vanuatu,150142
2021,NZL,New Zealand,959365475
2021,NIC,Nicaragua,15579
2021,NER,Niger,99074
2021,NGA,Nigeria,2047402255
2021,NIU,Niue,3520000
2021,NFK,Norfolk Isds,37088
2021,NOR,Norway,223430975
2021,MNP,N. Mariana Isds,52
2021,UMI,United States Minor Outlying Islands,12192
2021,FSM,FS Micronesia,0
2021,MHL,Marshall Isds,4277328
2021,PLW,Palau,2811
2021,PAK,Pakistan,185504293
2021,PAN,Panama,82312220
2021,PNG,Papua New Guinea,125797289
2021,PRY,Paraguay,31077412
2021,PER,Peru,84248872
2021,PHL,Philippines,1273265244
2021,POL,Poland,192768793
2021,PRT,Portugal,35099413
2021,TLS,Timor-Leste,2282094
2021,QAT,Qatar,675779279
2021,ROU,Romania,40097392
2021,RUS,Russian Federation,1253795061
2021,RWA,Rwanda,3363
2021,SHN,Saint Helena,350272
2021,KNA,Saint Kitts and Nevis,1361
2021,AIA,Anguilla,18976
2021,LCA,Saint Lucia,2104
2021,VCT,Saint Vincent and the Grenadines,224
2021,SMR,San Marino,17416
2021,STP,Sao Tome and Principe,31029
2021,SAU,Saudi Arabia,3967064132
2021,SEN,Senegal,264022
2021,SRB,Serbia,15742719
2021,SYC,Seychelles,12017152
2021,SLE,Sierra Leone,2370760
2021,IND,India,7668264668
2021,SGP,Singapore,15451683940
2021,SVK,Slovakia,18315198
2021,VNM,Viet Nam,4212975831
2021,SVN,Slovenia,24028766
2021,SOM,Somalia,1531
2021,ZAF,South Africa,1835123253
2021,ZWE,Zimbabwe,80626177
2021,ESP,Spain,684095863
2021,SDN,Sudan,16185044
2021,SUR,Suriname,133205
2021,SWZ,Eswatini,1071355
2021,SWE,Sweden,560331697
2021,CHE,Switzerland,682871027
2021,SYR,Syria,23643
2021,TJK,Tajikistan,39
2021,THA,Thailand,9146469121
2021,TGO,Togo,6450471
2021,TKL,Tokelau,66900
2021,TON,Tonga,210
2021,TTO,Trinidad and Tobago,54075
2021,ARE,United Arab Emirates,2142989351
2021,TUN,Tunisia,57786125
2021,TUR,Türkiye,400638969
2021,TKM,Turkmenistan,1457
2021,TUV,Tuvalu,6637
2021,UGA,Uganda,11841087
2021,UKR,Ukraine,1040884248
2021,MKD,North Macedonia,13522210
2021,EGY,Egypt,212186963
2021,GBR,United Kingdom,1090770032
2021,TZA,United Rep. of Tanzania,59648838
2021,USA,USA,11308706993
2021,BFA,Burkina Faso,8093407
2021,URY,Uruguay,13559355
2021,UZB,Uzbekistan,12593962
2021,VEN,Venezuela,13841156
2021,WSM,Samoa,376015
2021,YEM,Yemen,676191
2021,ZMB,Zambia,6854360
2021,_X ,Areas nes,0
2021,MNE,Montenegro,2712129
2021,O19,Oceania nes,0
2021,F19,Other Africa nes,0
2021,GNB,Guinea-Bissau,0
2021,ESH,Western Sahara,0
2021,TCA,Turks and Caicos Isds,262
2021,WLF,Wallis and Futuna Isds,0
2021,BDI,Burundi,39638
2021,GIB,Gibraltar,956
2021,ATA,Antarctica,8227
2021,PCN,Pitcairn,5680
2021,ATF,Fr. South Antarctic Terr.,46
2021,HMD,Heard Island and McDonald Islands,0
2021,SXM,Sint Maarten,0
2021,BLM,Saint Barthélemy,3724
2021,SSD,South Sudan,99431
2021,BVT,Bouvet Island,0
2022,AFG,Afghanistan,380945
2022,ALB,Albania,279935
2022,DZA,Algeria,737163778
2022,ASM,American Samoa,496643
2022,AND,Andorra,593074
2022,AGO,Angola,873602087
2022,ATG,Antigua and Barbuda,225262
2022,AZE,Azerbaijan,840525260
2022,ARG,Argentina,2411149048
2022,AUS,Australia,9863268333
2022,AUT,Austria,361362518
2022,BHS,Bahamas,654
2022,BHR,Bahrain,180957472
2022,BGD,Bangladesh,110073934
2022,ARM,Armenia,68101
2022,BRB,Barbados,150891
2022,BEL,Belgium,643465521
2022,BMU,Bermuda,53
2022,BTN,Bhutan,1669863
2022,BOL,Bolivia (Plurinational State of),12533034
2022,BIH,Bosnia Herzegovina,1158178
2022,BWA,Botswana,50432
2022,BRA,Brazil,3900084497
2022,BLZ,Belize,99305
2022,IOT,Br. Indian Ocean Terr.,425
2022,SLB,Solomon Isds,1870082
2022,VGB,Br. Virgin Isds,877994
2022,BRN,Brunei Darussalam,657169803
2022,BGR,Bulgaria,120086586
2022,MMR,Myanmar,111200127
2022,BLR,Belarus,89916586
2022,KHM,Cambodia,62637119
2022,CMR,Cameroon,22790930
2022,CAN,Canada,2998884472
2022,CPV,Cabo Verde,536038
2022,CYM,Cayman Isds,71863
2022,CAF,Central African Rep.,2238185
2022,LKA,Sri Lanka,50423684
2022,TCD,Chad,16607021
2022,CHL,Chile,229344401
2022,CHN,China,67723688105
2022,CXR,Christmas Isds,3031769
2022,CCK,Cocos Isds,90107
2022,COL,Colombia,47980201
2022,COM,Comoros,5529728
2022,COG,Congo,254732110
2022,COD,Dem. Rep. of the Congo,13376215
2022,COK,Cook Isds,12910
2022,CRI,Costa Rica,8351297
2022,HRV,Croatia,12604903
2022,CUB,Cuba,1031407
2022,CYP,Cyprus,13193390
2022,CZE,Czechia,171713404
2022,BEN,Benin,6792704
2022,DNK,Denmark,237012193
2022,DMA,Dominica,22592
2022,DOM,Dominican Rep.,16911639
2022,ECU,Ecuador,163194965
2022,SLV,El Salvador,1604200
2022,GNQ,Equatorial Guinea,162647992
2022,ETH,Ethiopia,24143722
2022,ERI,Eritrea,7237
2022,EST,Estonia,33054189
2022,FRO,Faeroe Isds,79938
2022,FLK,Falkland Isds (Malvinas),0
2022,SGS,South Georgia and the South Sandwich Islands,192
2022,FJI,Fiji,729568
2022,FIN,Finland,494775027
2022,FRA,France,1330933396
2022,PYF,French Polynesia,31912
2022,DJI,Djibouti,5641
2022,GAB,Gabon,459000476
2022,GEO,Georgia,1633189
2022,GMB,Gambia,40827
2022,PSE,State of Palestine,1253267
2022,DEU,Germany,3821840349
2022,GHA,Ghana,16857697
2022,KIR,Kiribati,10512792
2022,GRC,Greece,94506187
2022,GRL,Greenland,919367
2022,GRD,Grenada,1018
2022,GUM,Guam,503
2022,GTM,Guatemala,822731
2022,GIN,Guinea,29221032
2022,GUY,Guyana,408956
2022,HTI,Haiti,541595
2022,VAT,Holy See (Vatican City State),252
2022,HND,Honduras,407640
2022,HKG,China Hong Kong SAR,2976168234
2022,HUN,Hungary,168180493
2022,ISL,Iceland,8145552
2022,IDN,Indonesia,62626178
2022,IRN,Iran,14633029
2022,IRQ,Iraq,140280799
2022,IRL,Ireland,165118062
2022,ISR,Israel,47814705
2022,ITA,Italy,1486206793
2022,CIV,Côte d'Ivoire,171830460
2022,JAM,Jamaica,105208
2022,JPN,Japan,17176667363
2022,KAZ,Kazakhstan,585475219
2022,JOR,Jordan,391317276
2022,KEN,Kenya,32020052
2022,PRK,Dem. People's Rep. of Korea,798229
2022,KOR,Rep. of Korea,11718181613
2022,KWT,Kuwait,144345060
2022,KGZ,Kyrgyzstan,415580
2022,LAO,Lao People's Dem. Rep.,167606519
2022,LBN,Lebanon,1885335
2022,LSO,Lesotho,1772
2022,LVA,Latvia,19509413
2022,LBR,Liberia,37837042
2022,LBY,Libya,672770
2022,LTU,Lithuania,41978764
2022,LUX,Luxembourg,15585442
2022,MAC,China Macao SAR,4726238
2022,MDG,Madagascar,218469202
2022,MWI,Malawi,5511284
2022,MYS,Malaysia,12475633399
2022,MDV,Maldives,623459
2022,MLI,Mali,8169334
2022,MLT,Malta,1029317
2022,MRT,Mauritania,692363
2022,MUS,Mauritius,2365642
2022,MEX,Mexico,338355356
2022,S19,Other Asia nes,4452700017
2022,MNG,Mongolia,2400957
2022,MDA,Rep. of Moldova,12312398
2022,MSR,Montserrat,2741
2022,MAR,Morocco,114440707
2022,MOZ,Mozambique,46690645
2022,OMN,Oman,1376784354
2022,NAM,Namibia,3324400
2022,NRU,Nauru,96339
2022,NPL,Nepal,778994
2022,NLD,Netherlands,855498798
2022,CUW,Curaçao,556516
2022,ABW,Aruba,3055
2022,NCL,New Caledonia,14565510
2022,VUT,Vanuatu,303
2022,NZL,New Zealand,1397379928
2022,NIC,Nicaragua,237878
2022,NER,Niger,178230
2022,NGA,Nigeria,4321217170
2022,NIU,Niue,3350
2022,NFK,Norfolk Isds,10269
2022,NOR,Norway,261460178
2022,MNP,N. Mariana Isds,582
2022,UMI,United States Minor Outlying Islands,6740
2022,FSM,FS Micronesia,2595
2022,MHL,Marshall Isds,63745281
2022,PLW,Palau,6240
2022,PAK,Pakistan,188112668
2022,PAN,Panama,5736570
2022,PNG,Papua New Guinea,63072711
2022,PRY,Paraguay,56401217
2022,PER,Peru,111807369
2022,PHL,Philippines,1493777897
2022,POL,Poland,238427098
2022,PRT,Portugal,37766009
2022,TLS,Timor-Leste,4745937
2022,QAT,Qatar,974042887
2022,ROU,Romania,37512649
2022,RUS,Russian Federation,2180574024
2022,RWA,Rwanda,202360
2022,SHN,Saint Helena,6733
2022,KNA,Saint Kitts and Nevis,7772
2022,AIA,Anguilla,17233
2022,LCA,Saint Lucia,0
2022,VCT,Saint Vincent and the Grenadines,20012
2022,SMR,San Marino,79229
2022,STP,Sao Tome and Principe,14756
2022,SAU,Saudi Arabia,5491364184
2022,SEN,Senegal,830404
2022,SRB,Serbia,4232643
2022,SYC,Seychelles,13316663
2022,SLE,Sierra Leone,2057456
2022,IND,India,9329536893
2022,SGP,Singapore,19409472946
2022,SVK,Slovakia,26263586
2022,VNM,Viet Nam,4817796897
2022,SVN,Slovenia,34022752
2022,SOM,Somalia,54103
2022,ZAF,South Africa,2163790784
2022,ZWE,Zimbabwe,61274889
2022,ESP,Spain,585920089
2022,SDN,Sudan,36431746
2022,SUR,Suriname,29615
2022,SWZ,Eswatini,1757925
2022,SWE,Sweden,620320772
2022,CHE,Switzerland,870040970
2022,SYR,Syria,103477
2022,TJK,Tajikistan,1721
2022,THA,Thailand,10989023969
2022,TGO,Togo,7605548
2022,TKL,Tokelau,51893
2022,TON,Tonga,2022
2022,TTO,Trinidad and Tobago,44015
2022,ARE,United Arab Emirates,2760473471
2022,TUN,Tunisia,45691306
2022,TUR,Türkiye,515183469
2022,TKM,Turkmenistan,1560
2022,TUV,Tuvalu,0
2022,UGA,Uganda,6049968
2022,UKR,Ukraine,113360513
2022,MKD,North Macedonia,1806384
2022,EGY,Egypt,226008644
2022,GBR,United Kingdom,1039769203
2022,TZA,United Rep. of Tanzania,63491326
2022,USA,USA,11682890847
2022,BFA,Burkina Faso,4897302
2022,URY,Uruguay,23527896
2022,UZB,Uzbekistan,48929594
2022,VEN,Venezuela,10999623
2022,WSM,Samoa,2213177
2022,YEM,Yemen,1193886
2022,ZMB,Zambia,8533421
2022,_X ,Areas nes,1109
2022,MNE,Montenegro,9547850
2022,O19,Oceania nes,143
2022,F19,Other Africa nes,0
2022,GNB,Guinea-Bissau,340
2022,ESH,Western Sahara,26838
2022,TCA,Turks and Caicos Isds,8195
2022,WLF,Wallis and Futuna Isds,0
2022,BDI,Burundi,69776
2022,GIB,Gibraltar,472
2022,ATA,Antarctica,4485
2022,PCN,Pitcairn,1341
2022,ATF,Fr. South Antarctic Terr.,724
2022,HMD,Heard Island and McDonald Islands,0
2022,SXM,Sint Maarten,0
2022,BLM,Saint Barthélemy,32987
2022,SSD,South Sudan,0
2022,BVT,Bouvet Island,0
2023,AFG,Afghanistan,164668
2023,ALB,Albania,530334
2023,DZA,Algeria,562213683
2023,ASM,American Samoa,129193
2023,AND,Andorra,486146
2023,AGO,Angola,1196054636
2023,ATG,Antigua and Barbuda,57351
2023,AZE,Azerbaijan,250781160
2023,ARG,Argentina,1390466387
2023,AUS,Australia,9299995569
2023,AUT,Austria,419186506
2023,BHS,Bahamas,22520
2023,BHR,Bahrain,157583140
2023,BGD,Bangladesh,94977949
2023,ARM,Armenia,441890
2023,BRB,Barbados,114032
2023,BEL,Belgium,684263291
2023,BMU,Bermuda,87
2023,BTN,Bhutan,2901534
2023,BOL,Bolivia (Plurinational State of),14780283
2023,BIH,Bosnia Herzegovina,3128284
2023,BWA,Botswana,9407
2023,BRA,Brazil,4856436723
2023,BLZ,Belize,226749
2023,IOT,Br. Indian Ocean Terr.,87419
2023,SLB,Solomon Isds,354916
2023,VGB,Br. Virgin Isds,11479560
2023,BRN,Brunei Darussalam,317133091
2023,BGR,Bulgaria,346354925
2023,MMR,Myanmar,150381813
2023,BLR,Belarus,75733304
2023,KHM,Cambodia,105193657
2023,CMR,Cameroon,76256657
2023,CAN,Canada,2145869963
2023,CPV,Cabo Verde,19286
2023,CYM,Cayman Isds,4111
2023,CAF,Central African Rep.,14475
2023,LKA,Sri Lanka,43107235
2023,TCD,Chad,4562
2023,CHL,Chile,173368829
2023,CHN,China,62880883428
2023,CXR,Christmas Isds,2686851
2023,CCK,Cocos Isds,152
2023,COL,Colombia,24068990
2023,COM,Comoros,24906264
2023,COG,Congo,5424614
2023,COD,Dem. Rep. of the Congo,245039827
2023,COK,Cook Isds,1095
2023,CRI,Costa Rica,12781756
2023,HRV,Croatia,8425377
2023,CUB,Cuba,1151851
2023,CYP,Cyprus,9220248
2023,CZE,Czechia,259514550
2023,BEN,Benin,2205554
2023,DNK,Denmark,219080781
2023,DMA,Dominica,60651
2023,DOM,Dominican Rep.,33708807
2023,ECU,Ecuador,205678034
2023,SLV,El Salvador,795143
2023,GNQ,Equatorial Guinea,160868455
2023,ETH,Ethiopia,22040875
2023,ERI,Eritrea,19218
2023,EST,Estonia,51422620
2023,FRO,Faeroe Isds,71007
2023,FLK,Falkland Isds (Malvinas),4304
2023,SGS,South Georgia and the South Sandwich Islands,342
2023,FJI,Fiji,888311
2023,FIN,Finland,658090326
2023,FRA,France,1665185677
2023,PYF,French Polynesia,60247
2023,DJI,Djibouti,24
2023,GAB,Gabon,882844223
2023,GEO,Georgia,1341704
2023,GMB,Gambia,4030789
2023,PSE,State of Palestine,1909777
2023,DEU,Germany,4647337713
2023,GHA,Ghana,26002163
2023,KIR,Kiribati,16171
2023,GRC,Greece,115012143
2023,GRL,Greenland,579375
2023,GRD,Grenada,0
2023,GUM,Guam,2482
2023,GTM,Guatemala,444223
2023,GIN,Guinea,70435488
2023,GUY,Guyana,550733
2023,HTI,Haiti,1514503
2023,VAT,Holy See (Vatican City State),5372
2023,HND,Honduras,427721
2023,HKG,China Hong Kong SAR,2526529973
2023,HUN,Hungary,105833595
2023,ISL,Iceland,6784427
2023,IDN,Indonesia,91907828
2023,IRN,Iran,11721914
2023,IRQ,Iraq,32612019
2023,IRL,Ireland,166037674
2023,ISR,Israel,21925546
2023,ITA,Italy,1890959242
2023,CIV,Côte d'Ivoire,254400789
2023,JAM,Jamaica,14877
2023,JPN,Japan,16516859889
2023,KAZ,Kazakhstan,232898803
2023,JOR,Jordan,262830133
2023,KEN,Kenya,27463197
2023,PRK,Dem. People's Rep. of Korea,651436
2023,KOR,Rep. of Korea,10525784010
2023,KWT,Kuwait,234104735
2023,KGZ,Kyrgyzstan,886636
2023,LAO,Lao People's Dem. Rep.,83245795
2023,LBN,Lebanon,1147940
2023,LSO,Lesotho,341
2023,LVA,Latvia,20705272
2023,LBR,Liberia,32105756
2023,LBY,Libya,57723523
2023,LTU,Lithuania,37528235
2023,LUX,Luxembourg,8031253
2023,MAC,China Macao SAR,2495295
2023,MDG,Madagascar,183935622
2023,MWI,Malawi,8768479
2023,MYS,Malaysia,10760602217
2023,MDV,Maldives,685241
2023,MLI,Mali,883367
2023,MLT,Malta,29907166
2023,MRT,Mauritania,22057687
2023,MUS,Mauritius,1894812
2023,MEX,Mexico,370084133
2023,S19,Other Asia nes,3948285290
2023,MNG,Mongolia,5872786
2023,MDA,Rep. of Moldova,22101493
2023,MSR,Montserrat,3544
2023,MAR,Morocco,28880514
2023,MOZ,Mozambique,88179285
2023,OMN,Oman,1849392920
2023,NAM,Namibia,960597
2023,NRU,Nauru,419720
2023,NPL,Nepal,1687721
2023,NLD,Netherlands,946030441
2023,CUW,Curaçao,477951
2023,ABW,Aruba,459
2023,NCL,New Caledonia,67193
2023,VUT,Vanuatu,292253
2023,NZL,New Zealand,1135033274
2023,NIC,Nicaragua,76987
2023,NER,Niger,146800
2023,NGA,Nigeria,3941009452
2023,NIU,Niue,111117
2023,NFK,Norfolk Isds,97921
2023,NOR,Norway,248423620
2023,MNP,N. Mariana Isds,454
2023,UMI,United States Minor Outlying Islands,98667
2023,FSM,FS Micronesia,824
2023,MHL,Marshall Isds,70686079
2023,PLW,Palau,6280
2023,PAK,Pakistan,309239272
2023,PAN,Panama,17389513
2023,PNG,Papua New Guinea,50737149
2023,PRY,Paraguay,6071135
2023,PER,Peru,77000694
2023,PHL,Philippines,1491450985
2023,POL,Poland,224957556
2023,PRT,Portugal,38467199
2023,TLS,Timor-Leste,8134475
2023,QAT,Qatar,932075090
2023,ROU,Romania,61476944
2023,RUS,Russian Federation,2433798069
2023,RWA,Rwanda,52672
2023,SHN,Saint Helena,54546
2023,KNA,Saint Kitts and Nevis,721
2023,AIA,Anguilla,97904
2023,LCA,Saint Lucia,0
2023,VCT,Saint Vincent and the Grenadines,0
2023,SMR,San Marino,48928
2023,STP,Sao Tome and Principe,7214
2023,SAU,Saudi Arabia,4067085307
2023,SEN,Senegal,767737
2023,SRB,Serbia,9780056
2023,SYC,Seychelles,23327906
2023,SLE,Sierra Leone,2106315
2023,IND,India,6701202254
2023,SGP,Singapore,18409555989
2023,SVK,Slovakia,30521544
2023,VNM,Viet Nam,5299973909
2023,SVN,Slovenia,50667213
2023,SOM,Somalia,68768
2023,ZAF,South Africa,1401089082
2023,ZWE,Zimbabwe,79988621
2023,ESP,Spain,613551529
2023,SDN,Sudan,1425168
2023,SUR,Suriname,130243
2023,SWZ,Eswatini,592839
2023,SWE,Sweden,815041050
2023,CHE,Switzerland,752299273
2023,SYR,Syria,165368
2023,TJK,Tajikistan,5180
2023,THA,Thailand,10253188579
2023,TGO,Togo,70062272
2023,TKL,Tokelau,16983
2023,TON,Tonga,0
2023,TTO,Trinidad and Tobago,67458
2023,ARE,United Arab Emirates,2351750648
2023,TUN,Tunisia,105339392
2023,TUR,Türkiye,598244556
2023,TKM,Turkmenistan,647049
2023,TUV,Tuvalu,1360
2023,UGA,Uganda,4788994
2023,UKR,Ukraine,212223596
2023,MKD,North Macedonia,11107874
2023,EGY,Egypt,201370570
2023,GBR,United Kingdom,1168600179
2023,TZA,United Rep. of Tanzania,35677399
2023,USA,USA,11337694391
2023,BFA,Burkina Faso,253893
2023,URY,Uruguay,18331417
2023,UZB,Uzbekistan,124717228
2023,VEN,Venezuela,20394630
2023,WSM,Samoa,496813
2023,YEM,Yemen,6061005
2023,ZMB,Zambia,6800043
2023,_X ,Areas nes,0
2023,MNE,Montenegro,383999
2023,O19,Oceania nes,0
2023,F19,Other Africa nes,0
2023,GNB,Guinea-Bissau,0
2023,ESH,Western Sahara,51
2023,TCA,Turks and Caicos Isds,9506
2023,WLF,Wallis and Futuna Isds,440
2023,BDI,Burundi,48794
2023,GIB,Gibraltar,916
2023,ATA,Antarctica,0
2023,PCN,Pitcairn,24372
2023,ATF,Fr. South Antarctic Terr.,850
2023,HMD,Heard Island and McDonald Islands,0
2023,SXM,Sint Maarten,1093
2023,BLM,Saint Barthélemy,88311
2023,SSD,South Sudan,4221
2023,BVT,Bouvet Island,397
